-- phpMyAdmin SQL Dump
-- version 5.2.0
-- https://www.phpmyadmin.net/
--
-- Host: 127.0.0.1
-- Waktu pembuatan: 25 Bulan Mei 2025 pada 19.02
-- Versi server: 10.4.24-MariaDB
-- Versi PHP: 7.4.29

SET SQL_MODE = "NO_AUTO_VALUE_ON_ZERO";
START TRANSACTION;
SET time_zone = "+00:00";


/*!40101 SET @OLD_CHARACTER_SET_CLIENT=@@CHARACTER_SET_CLIENT */;
/*!40101 SET @OLD_CHARACTER_SET_RESULTS=@@CHARACTER_SET_RESULTS */;
/*!40101 SET @OLD_COLLATION_CONNECTION=@@COLLATION_CONNECTION */;
/*!40101 SET NAMES utf8mb4 */;

--
-- Database: `moneytracker`
--

-- --------------------------------------------------------

--
-- Struktur dari tabel `categories`
--

CREATE TABLE `categories` (
  `id` int(11) NOT NULL,
  `name` varchar(255) NOT NULL,
  `created_at` datetime NOT NULL
) ENGINE=InnoDB DEFAULT CHARSET=utf8mb4;

--
-- Dumping data untuk tabel `categories`
--

INSERT INTO `categories` (`id`, `name`, `created_at`) VALUES
(1, 'Gaji', '2025-05-24 12:07:54'),
(2, 'Bonus', '2025-05-24 12:07:54'),
(3, 'Investasi', '2025-05-24 12:07:54'),
(4, 'Penjualan', '2025-05-24 12:07:54'),
(5, 'Hadiah', '2025-05-24 12:07:54'),
(6, 'Makanan', '2025-05-24 12:07:54'),
(7, 'Transportasi', '2025-05-24 12:07:54'),
(8, 'Hiburan', '2025-05-24 12:07:54'),
(9, 'Kesehatan', '2025-05-24 12:07:54'),
(10, 'Belanja', '2025-05-24 12:07:54'),
(11, 'Pendidikan', '2025-05-24 12:07:54'),
(12, 'Tagihan', '2025-05-24 12:07:54'),
(13, 'Donasi', '2025-05-24 12:07:54'),
(14, 'Pakaian', '2025-05-25 12:21:48'),
(15, 'Bisnis', '2025-05-25 15:39:48');

-- --------------------------------------------------------

--
-- Struktur dari tabel `plans`
--

CREATE TABLE `plans` (
  `id` int(11) NOT NULL,
  `userId` int(11) NOT NULL,
  `categoryId` int(11) NOT NULL,
  `amount` decimal(10,2) NOT NULL,
  `description` text DEFAULT NULL,
  `remainingAmount` decimal(10,2) NOT NULL,
  `createdAt` datetime DEFAULT NULL,
  `updatedAt` datetime DEFAULT NULL
) ENGINE=InnoDB DEFAULT CHARSET=utf8mb4;

--
-- Dumping data untuk tabel `plans`
--

INSERT INTO `plans` (`id`, `userId`, `categoryId`, `amount`, `description`, `remainingAmount`, `createdAt`, `updatedAt`) VALUES
(3, 3, 3, '250000.00', 'buat beli kripto', '150000.00', '2025-05-25 13:22:49', '2025-05-25 16:23:11'),
(4, 3, 12, '300000.00', 'indihome', '300000.00', '2025-05-25 13:23:23', '2025-05-25 16:01:15'),
(5, 3, 9, '200000.00', 'cek kesehatan', '200000.00', '2025-05-25 15:12:33', '2025-05-25 15:12:33');

-- --------------------------------------------------------

--
-- Struktur dari tabel `transactions`
--

CREATE TABLE `transactions` (
  `id` int(11) NOT NULL,
  `amount` decimal(15,2) NOT NULL,
  `description` text DEFAULT NULL,
  `date` date NOT NULL,
  `categoryId` int(11) NOT NULL,
  `userId` int(11) NOT NULL,
  `type` enum('income','expense') NOT NULL,
  `created_at` datetime NOT NULL
) ENGINE=InnoDB DEFAULT CHARSET=utf8mb4;

--
-- Dumping data untuk tabel `transactions`
--

INSERT INTO `transactions` (`id`, `amount`, `description`, `date`, `categoryId`, `userId`, `type`, `created_at`) VALUES
(1, '40000.00', 'dimsum dan siomay', '2025-05-22', 10, 3, 'expense', '2025-05-24 12:36:19'),
(2, '1000000.00', 'gaji bawah umr', '2025-05-23', 1, 3, 'income', '2025-05-24 13:53:30'),
(4, '5000000.00', 'gaji diatas umr', '2025-05-24', 1, 3, 'income', '2025-05-24 14:44:52'),
(5, '30000.00', 'netflix', '2025-05-25', 8, 3, 'expense', '2025-05-24 18:37:05'),
(7, '19999.97', 'karcis masuk', '2025-05-25', 8, 3, 'expense', '2025-05-25 05:49:01'),
(8, '30000.00', 'naik speadboat', '2025-05-25', 8, 3, 'expense', '2025-05-25 05:56:43'),
(9, '200000.00', 'indihome', '2025-05-25', 12, 3, 'expense', '2025-05-25 06:24:37'),
(10, '99999.98', 'beli kripto', '2025-05-25', 3, 3, 'expense', '2025-05-25 15:42:56'),
(11, '100000.00', 'saham', '2025-05-25', 3, 3, 'expense', '2025-05-25 16:23:11');

-- --------------------------------------------------------

--
-- Struktur dari tabel `users`
--

CREATE TABLE `users` (
  `id` int(11) NOT NULL,
  `name` varchar(255) NOT NULL,
  `email` varchar(255) NOT NULL,
  `gender` enum('male','female') NOT NULL,
  `password` varchar(255) NOT NULL,
  `foto_profil` mediumblob DEFAULT NULL,
  `created_at` datetime NOT NULL,
  `refresh_token` text DEFAULT NULL
) ENGINE=InnoDB DEFAULT CHARSET=utf8mb4;

--
-- Dumping data untuk tabel `users`
--

INSERT INTO `users` (`id`, `name`, `email`, `gender`, `password`, `foto_profil`, `created_at`, `refresh_token`) VALUES
(1, 'John Doe', 'john@example.com', 'male', '$2b$10$huUsOcvR8JQL3kuFYlX3oenlz8ktCyBrmK/nDkJsle22xum4j9WBq', NULL, '2025-05-24 10:19:11', NULL);
INSERT INTO `users` (`id`, `name`, `email`, `gender`, `password`, `foto_profil`, `created_at`, `refresh_token`) VALUES
(3, 'naufal rafid', 'naufal@gmail.com', 'male', '$2b$10$Y9TyD81hJ3xPs3RI4i.FKedJfIwxfIusHZ8OD3odiGLFtCWESj4ZO', 0xffd8ffe000104a46494600010100000100010000ffe201d84943435f50524f46494c45000101000001c800000000043000006d6e74725247422058595a2007e00001000100000000000061637370000000000000000000000000000000000000000000000000000000010000f6d6000100000000d32d0000000000000000000000000000000000000000000000000000000000000000000000000000000000000000000000000000000964657363000000f0000000247258595a00000114000000146758595a00000128000000146258595a0000013c00000014777470740000015000000014725452430000016400000028675452430000016400000028625452430000016400000028637072740000018c0000003c6d6c756300000000000000010000000c656e5553000000080000001c007300520047004258595a200000000000006fa2000038f50000039058595a2000000000000062990000b785000018da58595a2000000000000024a000000f840000b6cf58595a20000000000000f6d6000100000000d32d706172610000000000040000000266660000f2a700000d59000013d000000a5b00000000000000006d6c756300000000000000010000000c656e5553000000200000001c0047006f006f0067006c006500200049006e0063002e00200032003000310036ffdb0043000a07070807060a0808080b0a0a0b0e18100e0d0d0e1d15161118231f2524221f2221262b372f26293429212230413134393b3e3e3e252e4449433c48373d3e3bffdb0043010a0b0b0e0d0e1c10101c3b2822283b3b3b3b3b3b3b3b3b3b3b3b3b3b3b3b3b3b3b3b3b3b3b3b3b3b3b3b3b3b3b3b3b3b3b3b3b3b3b3b3b3b3b3b3b3b3b3b3b3bffc000110803c0028003012200021101031101ffc4001c0000020301010101000000000000000000000102030405060708ffc4004c100002010204020605060d030402020203000102031104052131124106133251617114223391b116347281c1d10715172342435253547392a1c224829335446274a2b2258363f05564f2ffc4001801010101010100000000000000000000000001020304ffc400221101010002020301000301010000000000000102112131031241511322613242ffda000c03010002110311003f00fb28c00000000000000000000000000000000000000000000000000000000000000000000000000000000000000000000000000000000000000000000000000000000000000000000000000000000000400301000c0400301000c0430000000000000000000000000001009bb00ee172a756cf6fee47aff0fee05f70b94f5c49555cc0b02e41ce3de1c6bbd013b85c8758bbd071c7bd013b811e35de838d77812023c71ef17591ef0260478e3de1d647bc09011eb23de1d647bc09810e38f787591ef026223d62ef0eb177812023d647bc5d647bc09810eb23de1d647bc0985c87591ef0eb23de04ee1721d62ef0eb63de04ee1721d6c7bc3ad8f7813b85c875b1ef175b1f102cb85c875910eb63dec09dc2e57d6c7bd875b1ef60581721d6af10eb63dec09815f5b1f11f5b1f10277021d62f10eb577b02770b90eb578875b1f102770b95f58bc47d62f1026057d6af10eb578816015f5abb85d6a02d02aeb5773f7875cbb981681575cbbbfb8bae5dcfde05c053d72eefee1d72ee7ef02e029eb9777f70eb9773f7817014f5cbbbfb8bae5ddfdc0bc0a7aef0fee1d72eefee05c051d772b075de005e051d77820eb9f7202fb85fc4cfd777242752fb81a6ebbc5c48cdc7e21c7e206aba0b9994c946aa55147f6936beab7de80bc624ee3000000000001155495916328acf40212642e37a9101dc77228603e21f11141b812b82911bf785c095c3888dc2fde04b883888a1013b8f8ac42e257e604f887c640404f887c643eb17c409f178871910025c41c447eb0025c40d91dc5f5813b85c8fd62fac095c7c4fbc8dc404f8bc438888809f107110df986dcc09f1341c442f71ec04b89a0b90bf887d604eec388885ec04b8838885c2e04f89871110b812e263e264057027c560e223715c09f17885c88afc809f105c885c0771dc8dc2e8077ef0b8bc42f701dc2e45e81702570b91b8012b8ae260034c1f98afc83980eec2fdc21dc062bf7080095c5717d41700b85d85d83004cae736b19415f784fe31265155ff00adc3fd09fc6207560ee8995d3eca2c0000100c00008b33d7d8d0ccd5fed02b7b889342b00800000004c0602417bee030f310ec00083cc0039805c2c0218b90c00350100c005601d804c00617b88601a86ac370b00200d45600b587b8b70d803c416a3d58b601eda8216e37a00002b0807b00b70d402f61ee027aab00c3982d8002f60015fb806009682d8077017c0007a000802e30d8403b872015f501f980316c03b8362e417ef01df90af60d82e030b8ae003062f21a00bdc2e2d790c02fad82e1704c000770d00467adf3ca1f467f189a7999abdfd3687d097c62074e97651694d2eca2d01886201800011666afcbccd2ccd5f979815b15c6d8802fc80000417186e021883500601e630106c01601ee2d46002186a16015806160100fc2e0020dc7e17000682f70f0b85ae02d07b86e16016a1bee3f006805601ee1e2c041b8f70d80403df98801e9af30b0788007c47a8ad7d46f47a00b6004000c15d82b000780fc84001f500d0b6d800341880062f1000b80f41005fbc340180862d036000000000d01000000000790c05700f205e203560b898783018008077467adf3ca3f465f1468d4a2afcea9793f8a03a34bb28b4aa9764b406218806000045996beebccd4f632d7e5e680ad886c57000000060b40b85c0036dc2e001e60170d0056d6e342b873018f615d8d005ae017ee0f300b06a170400c3c00002c00001604f900000000002d402e00d05ae016000b6a000024300010ec00001606000160013018007908600001bec000c00403010c05a0ec1e2176021806c0218080616100005c7b069b0083c8187f70000d80002fdc20b80eec057617018082e0329adf39a5e4fe28b6e5155ffa9a5e4fec03a74bb28b4aa8f651680c43100c00008b32d7d9799a999b11b014bb881efa0b501ee000062cdb36c364d85588c53970b970c63157727e1fdce47cb9cb3f7389fe85f790e9bc14b05844f6ebff00c59e6551870af55107a95d39cb5bf6189fe85f787cbacb6fec713fd0bef3cb2a10ee14a9d38c5ca4924901e8b13f847c9b0ad2ab4b15aec9417de667f855c823bd2c5ffc6bef3e6d9ad78e2319292eca76472a7694ae174fae3fc2be416f658bff008d7de4697e15b224bd7a78af0b535f79f225144e304d834faf7e553217b52c5bff00f5afbc7f954c83f778bff8d7de7c9d422910b2b947d6dfe157215fabc5ff00c6bef05f855c83f778bff8d7de7c978577028c6c0d3eb5f954c87f778bff008d7de3fca9e43fbac5ff0042fbcf92c95d6884937a28b6c6e2eabeb7f953c876eaf17ff1afbc6bf0a59137654b16ff00fd6bef3e5b432daf5ecf81a47670994d3a715c5177f1473b9c9d35307bf5f848c9e5fa8c5ffc6bef25f945c9edec3176fa0bef3c6ac0437b2b0fd0e1ae863f92afa47aff00ca3e4c9eb4717fd0bef13fc25e489b4e8e2d7fb17de78c960e11da373356c2c1b7eadae3f92b53c71ee25f851c8a3daa58bff8d7de457e157a3eddbaac5ffc6bef3e718ac2463adae73e54e2a5748e98e5b632c34facafc28642f4eaf17ff1afbce8d0e9b65989a6aa53a38969ff00e2bef3e394e11b6c7a8e8c62a9b9bc3cdefd93acc771cadd3dff00caec0fee312ffd8bef0f95f817fa8c4ff4afbce57514ff006502c3d3ee4655d5f95d81dfa8c4bff62fbc3e57605ef4313fd0bef397e8f4ff00647e8f4fb80ea7caec0afd4625ff00b17de1f2bb00dfb0c4ff0042fbce5ba14ff6507a3d3fd940753e576057fdbe25ff00b57de2f95d80e787c4ff0042fbce63c3c3f6509e1e9dbb20753e57e017fdbe27fa57de1f2bf00ff5189fe95f79c9787a7dc1e8f4fb80eb7cafc02db0f89fe95f787cafc073c3e27fa57de727a8a7fb283a887ec81d6f961805ff006f88fe95f787cafcbf9e1f13fd2bef390f0f4fb907a3d3b7640ebfcb0c0ff0f88fe95f78a5d31cb92bca86217fb57de71aac6850a729cd2496adb3c76739ef5d5254b0feac16975cc9b591efabfe11b25c3bb4a188bf728a7f694fe53b226fd8e2ff00a17de7cab5a926db6db27c11846dcd9ad23ea0ff000a591276eab15ff1afbc5f953c83f738bfe85f79f2b69725723c116f61a1f56fcaa643fbac5ffc6bef1fe54f20e54717ff001afbcf94f047b83823dc34afab7e54f22fdd62ff00e35f787e54b21dd51c57f42fbcf952845eb624a115ba1a47d4ff002a59125c4e962adf417de41fe15fa3ebf538bff8d7de7cbde167535e169724572c235bc4cdad4c5f53fcac747d7eab17ff001afbc3f2b3d1efdd62d7ff00ad7de7ca6586496c533c3b8f226cf57d73f2b3d1ff00dd62ff00e35f78ff002ad906ea962b5fff008d7de7c75c127b13495968589a7da70bf846c9b17eca9e21bee7057f89a9f4d72efe1f10bfd8bef3e2d84c44f0b5a3529bb34f6ef3dce578dc3e61874d24a697ad12a3d7fcb7cbb9d0c4ff0042fbc4fa7196f2a1895fec5f79e75d0a76d88ba317fa2883d22e9ce5bfb8c4ff0042fbc4fa73962fd46257fb17de79a7421dc88ba34edb203d33e9d659fb8c4ff42fbc5f2ef2cfdc627fa17de7977421dc41d08df48e807ada1d38caab622145c6bd3736a2a5282b2bf7ea7a2bded6d8f94d6a318ca0f9a92f89f54a5eca1f4514482fc800045355ff00aaa2bc25f145e67acffd6505ff008cbe280ead1ec9694d1eca2e018862018000117b19abec6a3357ec8143224d9100000dc0f35d3557c1613f9dfe2cf3a97aaac7a3e9aaff004784f1acff00fab3cec56888158e6e778af47c1f0aed4f43a8cf219fe2faec6b8a7750d011c8ad2ddf7995ee5956576561a348ba11b3b95c237658ee959144a4efb0924108ca4ed1d59b70f85b4b5576672ca4598dacf0c354a8af6b2f13452c07ed1d2a5474d5236e1f0a9d9b5a1c2f92d7698c8c143011942ca0747099353934dc569e06ca74145d92b1d1a10e1a692126ef2cdcbf1553cba9d38a4ada13960e2d68685b6a3bf71bf58ceeb04a8b85c8285f91d19414b919ea52e1d8966976c93a56dd19aad2bbf13a2e17dcae74934fbcc58d4ae162a8dd3763895a9f054bdb99ea31749a8b7dc79dc72bd576d2c6bc7796b2e62aa6d6cd9d0cbeaf518884e2edc2ce7d157d0d316a2feb3d91e4afa4e1ea2ad42135aa68b52395d1dc4aaf8151beb1d0ebd8c653548430b0ec452b05b518011b03d8909ec042c16b21d87602360b21dae1602160b249b7c891cbcfb1fe85826a2fd696889785936e0f49f3873a8f0b465eaaed3479649ca45d8894e72d5ddb77145282f12e3345a9452a51bbdcae53727a0e6dbdd91576fd55735b242b017c70d5a5fa16f164a181ab36f433ed17d6a85b035a16ac0d77271b3b9b70dd1cc6e22d78b49f78996fa3d6c61a54e7564a34e2db7dc7570b934eca7557d5dc74b07d1baf8549f16a6df43c4d3df53395ab24fd733d0959f7229a982dd58eb4a138f6a3fd8add9f83395ae91c5a98156bd8c95b0765b6a7a19d1525a2d8c35a9736677635c579bc461f8599ad6d0ece328e8ce435ebb475c2ed8ce68d2d4df9663e781c546a26f86faaf030ad18f667572afa561ebd3c5508d5a6d34d12699e5ba3399ba557d16a4bd59764f57bdc9632a9a22d72b16b5a320d11506bb991689c9212d18197111d63e68fa752f650fa28f99e216b1f35f13e9b4bd943e8af8143b788580000cd5fe7b87fa33f8c4d1633d67febb0ff00427f1881d5a3d945c5347b28b80621880600004599f11d934333621faa052f7112647700bf88005c0f39d33f99e13f9dfe2cf3d0568a67a2e99aff0049847fff0037d8cf3f1574bc8833e36bac3612a566fb313c0d6a8ea4e5396edb67aae94e27aac12a29d9d47fd8f1d525a1276bf15cb56c560bf22515768aa9d356571a4e53e15bf314a5c25d85a6e4efde4cae964db461e928d925b9d2a14adcb52aa1475563a74285ecda3cf6eebbc9a82149dbd546ea306a24610b6c8be0ada3333b66d4e10bc9686d8ab46c8a6841b773434f7b1df1e98a12436090733481a426aeacd6837b0adde4144a366c5645b3890b68cc56987174ef1763cce3a938cddf99eb6b47d46ec7071745ca6eeb4312eabae3cc70e0dc27ae86952ba565f5856a178e9a342a0ed64f91ebc32dbcd9cb2bd3746311d5621d16f492d0f5a8f0196557471b4a77fd2b1efe0f8a09f7a359c739d8b0ec0330d9582c3001584d12135a0110b0fea00841618ac0464d422e4f4491e0f3dcc3d371b25177843447a6e91e39e1704e9c1faf5344783ad55538b949ea49cddaf515bb71b9bd12ef33d4c52e2b455fc4a2b579d47ab76ee0a10e39a5de5b491ab0f09d695ddda3b783c2c14758ea5383c2ae18c52d799daa386b475dce3957698ea72cf2c35ec922ea3838a5aad59ae14547535616871caed688e725b74d5cb82cbf2ca697595229b7b5d1d44a3156492125c2ac81b3d1388e57769dc4da6857136369a4274e33de28c55f029eb037b645ea992cdacae34e9ca0ecd19eb534e9bef3b55a9c6a2db539f5e8b8edb1cb2c5b95c0c5d1b45b3cf575c359f99ebb1587e2836797c7d2e0aae430bcb59f3152b3571db62107744f5d8f4bceb2954952ab19c5d9c59f40cb7151c560a9d4e6d6a7cf13b33d6744f11c742a5193d53ba1f19aefbf0d48bd89b4afa1176d919557242f893f022d580cd88d387cd1f4ba7eca1e48f9ae23f47cd7c4fa5d2f650fa2be0512d84316a0065adf3ec3fd09fc626a7732d7f9f61fe84fe3103ad47b28b8a68f651700c431000c4002665c4764d4ccb88ecb02a62b0d8803eb1886079ce98fcd30bfce7ffd59c08df851dfe98fcd30bfce7f06703b304fc083c6f4a6bf1e3d53be9047066f448dd9b5675b32ad2ffc9d8c2d5d92368a57269598b6d10aa4ad14afab2a1a4e72f03a584a768a6f63161e17b6875f0f4db824f638e75d708dd420ad1b733a34a3ea98215614a2936ae4bf1ad2a71b6e6319b6b2aea421ccb631bcac71a19caba56d0df86cc694a69376ee35ebcb15d7a70518e84feb33c31116b75a9629a6f43a32b16804534992bae415248561a06ed765441c74d4adab3fee5929116d7d666b514554f85d8e562e0db6ada2475ea3d3430625295d712d0e76378d70aa4126f439f51f555537b33af554758e8df7dce3e63652d37475c2d94ce6e36e1eb25352ee7a1f43cbeaf5d83a73ef8a3e6385a8ea53496e8fa0746aa39e59152bde2eda9e8bcc793ebae30039b6403001035a0c18111120b008526a31727a244ac723a4598470380924ed39ab22524dbca748732f49c74da6dc63a451e7b16a716bacba9357b1dccb32e9622a3c76274a30f5927cce266588f49c654a8b44de83ae17bac52dce865b45cea27c91cf5ac8f4393e1df0a76d599b786b19cbb381c334937b9d2842c95c8d0828c1596a684adaec71ae950e072764746853e0824d6a5386a57f599b2c74c71d462d46dcc4d1322cda216b089b5a11b011684d78926292f00297de5538a7165d2456d697335639b88a6927a6e797cd6859b763d862217836b91e6f34a776ee8e378ae98f31e721a49a65ac7569353b914efa1e9c6edc6cd51b9d8e8de21d1cca31bd94d58e3bd0bb0b59d1c4c2a2d2cee6f6c5e9f48767b917e62a15156c3c2a2775248728ae573178441ed622dff627c2c7c29a4ed733b564c43bf0f9af89f49a7ad287d147ce3131b28bb7347d1e9fb28fd14582490001a019abfcf70ff467f189a599ab6b8da1f467f1881d5a3d945c5347b28b900c4310000c008b32623b26b664c47640ad886c5bf301e8c040079ee982be170bfce7f0679cc4cb8307525dd067a3e987cd70bdfd6bf833ca66f270ca6bc97ec3265d2cedf3ea8dcabce57bea56dd9d87c4b57cc8a69cbd6db992286ecae56df14d0ea4936d2dae460af348523a985a6da5dc74a8c27a249d8a7014d38a4d36cede1e8d92bab9e6b6ede89c460865f52ab6eed13fc497de4d9db84124ac9224ecb9ec3967d9c27934a2ef16590c1ca93d6e75655e2968d14cebc7bae37feb72ff008852e34eee4fc0d94ab4b9b3229a6efb7817c1c649584caa591b613b9741f79969bb58d30f1674958b16a9223296a2ba4426ec6b692094ac5152ba8efb929b6ccd520b893b9cee4d48c98ac7d56da846d638f8bc5626cda6eef7b1e85d0a6ed757ef642585c33577143d9bd4791f49abc776ddcab19538d5eda9e9f1197619ae28c56a79bcca92a536a3b5ce98e5b73ca5915e0ea3849599f40e8a5753c34a37d99f39a2da67b6e855572a938b7c8f44e63cf5ec7c4061630d23125616cc900ac26484f60100000a4d24dbe478ecc23533bce5d25f37a4f57de773a4398fa1609c29bfced5f5608cf95e1561f091bf6e4af27dec4e4bc4733a4756180ca7a9a6b878970a48f072dae7a6e99e2b8f134f0e9e9157679896c67fd5f8961a9bab5d45779ed32dc3f574e2ddb63cc64947acc5a6f548f6942118c127a239675d316a8767c117d2a7d6c969a1cb96610856ea63abbd8ea50c5429c1778c26f95cb86f8c1462921d9231fa7a7abd89c7174e7a2674dc6755a1b2327dc43ac4f660e489b12b86fc88a687b95035614acc9368aa724b98d852b15b575de0e57e641cadcc8ba46a2566bbce1e63497acac76e52d2e62c5d155237b6a72ce378dd5791c4d2b37a68629c2dc8ece3693536ad6b1ccaeac5c6ae519b8acdaf7124ecca6a3d49d3971799de5db858f77d1ac4fa465ca0e57953763acd33c9f44f11c18b9516f49abfd67ac716de8ec5ca3103b223c496ec1c1be6caa74a4f54cc7ad5578b9ab46cf9af89f47a7ad287923e6588a524e376f46ac7d369fb286bfa28b8cb04843034119eb7cf687d197c626868cf5be7b43e8cfe3103a94bb25c8a69765172018862018000117b19711d966a7b19b11d96052c436c5cc0018001e7ba5ff35c2ff3bec6797ce21c794575ff00833d474bd5f0b85fe77d8cf3d8ba6ea606a437e28b33974b3b7cbd2d59093b17d7875552517a34d99a4eec7c6af644e92bd45e64113a2af5a2bc4847aacba1a44ec415968ec7372f83508f91d5847d5beda1e5df2ed51755c7432e231d4e9c757abe48315d670b714ce062bd26555a4993b6e63c6dd9a1888e22a70f128aef6cd356a60a11b7a4478bcce055a2a865dd6713eb5bdbb8e4d494959b93bb3b63e39672e7965657a5962146a594949779bf07898c926d9c0ca70b2c5e1aad4e2b7077b2ec2d7e1afd5df998b8fad7496651eae8d48cf6dcd0b958e6e06e9af89d2a7e25c6f0c65349369e9cc834f99638dd1455959349f237be19884df2289ce105793d7b8ab138854284aac9e8b63cee3b34abd6ae06d26b73139ae9ad47a09e32da256f328af8db5f45f51e5fd2abd5a8929c9dde87a0cc72d587c142a426dd4695d5f99ab8704cf775a0b16a50696fdcce2667aebbea5d4156e3f5af665598c5c69b7de5c66a997318a8bd7567ade86d4e1c735ca48f1f4f73d5f463d4ab4aa27fa7667ab179327d003982d501809a1a06ae110a626313d804016215ea2a542751e8a316c5ba23c7e6b5de3ba4f1a49de1875fdcef415a8a5b591e5b2294f179a623152b3529bb3facf478eafe8d81a951fe8c5b24e312f393e7fd22acab66f56ceea2ec72e7748b6bd575abcea3de4db2a9be44f8d3b9d1aa5c4e73eef03d33a556716a2f8558e6745b0f6c1758d7699e85476f138673793a6359b05944232eb67ac8daf0905aa3441da2921eeec6e5e3496db5cda98793d9d97714a8d48bb6c765508c96a66c4619c5b71d8ce52f6b2b242bc95b7344310de8f5324934f6b128346264dd8dd19ddee5ca4ac6184b546a8766c75c6b9d89ca4ac67a934b9939bb2dcc35ea34c9955916cab28ad599eae3614f7667ab293d3bcc75294a6f57a9cfdaba4c62daf9b6beaec65ad9cca0afc374c1e054f995d5cadb5149e86b70ba737159975d372b5918e55954f337e272871bf0bb9cdab427427eb2bd99b9a73b6a8a8b5230970bb939b4f52b3a473aece475faacce8bbe8dd8fa15b66cf9965d3e1c5527dd347d361ad38bf046fe39fd2645a2c6b4b6845a7ee22b2629691f347d129fb28f92f81f3ec54748bf147d069fb287d14048340dc00467adf3ca1f465f189a0cf593f4da0f970cfe3103a94bb28b914d2d917201886201800011666c47659a599b11d96050c0188061a0b6003cff004bbe6d85fe6fd8ce2a49c2cf9a3b5d2ef9b617f9df6338c9250bf8107cdba434950cd2ac16d7b9ca3a7d209f5d9c6225c94ac731989d3742d8bb06b8b1705e2526ccaa3c598535e25bd13b7b1c1d3f563746fb69e067a11e18af035d38ca6f63c91daab9422f75c8cb530b0e3e2e1563ab1c249dc93c0b7b9af4b5265a729e12855a7c338a39f88ca308db7c2776ae026936ae649e064dde4dd85dba636399468d1c353708bb45ee913c36129ceaf1461b3dce8432fa7c5792bdbbcdb4708df66364492d5b949d2ba305135c094308d33452c325ab3ae38d71b5535eae88c95609b7a1d774d5ad631e22859dd2d0b96292b9b3c342a53e1a8ae96b66513cb30b3569515a781d0e1e64b8535aa3123a7b3954b25c2539c65182e24ee8d35e829c7557b1b3aa4911eaaccd6c979db8f570b1a707a1c4cd29fe6ddb6b1eb6b51ba7a1e7f34c349464f9732636edaee579a82e196bc8f4d943746950a89db8aaafacf3d5e3c18a947b8f49962752a60282574e7767b30e9e3c9f4286b04fc0625a4525c8388c10cadced3b3e64ee45c6f24fb82a60c2e170158e4f49b14b0b91e2257b3947857d675cf25d3eaad6068514fb73d4ce5d2ced93a2d43870aa69769dcd3d2bc4751944a3cea688bf20a6a180825c96a72fa6f51ac2d1877b359b38de5e323de425772f324b614571558aef64ad47bdc82975796d256b5d5cea4df0ab9972fa7d560e945eea269a91738f0c777b1e5cadb5da44e35d460afa8d63237d5a4fcce763f038d545f52ddedc8e350c362d6257a439a57d589edbe5d358e9ec218ba4e377512facaab62e0fb334feb3c367352b61f1b28d19cb81abad4e7c732c44256eb649af13a7f6b18feb2bdc56c55373d5d854eaa7adcf373c4ce14294e537273577e0757033788a09c2ece1abb74feba76e9353b345edb82b90c1e1dc28c6fb9add3e28ec7798dd38dbcb0d4aae7a19aaa4d36dec6caf4941dce6e2e6d41b4633e1bc795139ead731463aebb99ea5570871b692465fc64a3514aa4bd54ce7272ebae1dda5855c1c527b8ab53825a49185f4930dc0958a2ae6d87af0d1dae74b38e189374622a70c9c5d8e662d2717b0abe2a3c4dc6774669d4735a32631bcb5a61aaacd9522eae8a51e88f265db560e56c443e92f89f51a3ad087d147caf0abf3f0fa48faa61fe6f4fe8a3afc72bda4d682fa89316eae8cab2e2bb2bcd1efe9eb4a1e48f038bb70c5aef47bea7a538fd1404ac017b80019eafcf687d19fc6268b233d6f9ee1fe8cfe3103a94b645c8a6976517201886201800011666c47619a5ec67afd86067621b158001e9cc3600381d2df9b617f9afe0ce2dff37f51dae96fcdb0bfcd7f067152bc35ee2557cd3190eb7178a5cd4dbfee735e8762ac5433dc4537b4a6ce76328ba189945ae77462357b508dd92abe674d230ad8d7954f8332a2ff00f22d23ded183d23ad8e9518282f131e155ecfdc7423b1cb08ddab5684d1527aa24e564758cac6ae553a506f627c441d457b0ba541d2a69ec5906a2adb14d4ab646755a539aa71d5b6637255d5ae945a96c5d1895d28704127b96a6748cd1245538df465a424c523055a569092dbc0d35a2e74ddb746784aeecce7ad56cecee838352c4931f08d0cf3869638d9a525d4b72d353bd35a1cacd12ea5dd5d19e9b95e231718c7309a4f43d3f46e8f599b508bbda9c7891e7731a5c19a70f0f0a7667b0e88d2e3c656ad6ba845451eac3a79b2edeb1a0490c0ca0d85618141661601f220478de9e3f5f069fed33d99e37a7d16a3839f74ec66fc6a3a39543abc2415acac79ee9cdff0031dda9e9b2fd70d07cb851c0e9c516f0b4aa773b17267178a45b80a4ebe614a0b9c8a53ba3a5d1ca2eb67104b5b6a4bd371efb0d41ca318ae4ac74a8e1a304aeb50c35254e9a56d4d08e78e32376ab9c2e8c15e1057eb22ac751221528c6a46d2499ab8ed25d3cde2f2bc0e26ee5148e3d7c8b034e5c51b33d656ca21524da6d27e2551c8a8a95e577e673f5cdd65c7ebcee1f2da75aac630a7c491e970997c28534941452e491b2860e9505eac522fb1bc71d76c6596fa50a9d892816d909a36c31e22971c5a38d8ac3b6adb9e8671d0cf2a116b631961b6f1cb4f278dcbe7888a8c24e36e47231b96627aa5184789c7b8f793c1425b6963156cbea424e51d533131f5f8d5cb6f9e4b0d8984b8654e4bea3a587a4a96024aa41b9b7a781e92b61ef6eb29ddaf0324e84657f56cbb8b73e0c70e5e61d19b96b74590a725177d0eccf071be88cb89a2e29a489ecdfab8d5d94adcbf10acd942d4eb8f4f3e5db4e0a3c589a6bbe4be27d5692b5182ffc4f98e534facccb0f0def347d412b462bc0e9f1caf64d68224c5a9159719b47ccf7b4fd942fdc8f058c5a2f347bda7eca0bc1012b8000019eabff005b87fa33ff001346a67abf3ca1f465f1881d4a5b22e4534b645c806218806000045ec67afd8668667afd860677b0ac3e42005e201a001c0e96fcdb0bfcd7f0671e3d95e4763a5aed86c2ff0035fc19c682f557901e13a4b85782cee35d766a3b99739a1d652a7898ad1ab33d474bb00f159775b0579d277fa8f3783a91c5e5b2a137eb4568739d6bf1bbf2b845d82970e368bee9a2b9c5c2728be4ec149f0d684bb9947d3f0aedc2eda58daa5f51cfc14f8b0f4e4b9c51b137657318b4bafa6e2e220ddc4db4b42ec58e642551222db7bb2b9cacb525ad45756a6eafa96e59152ab29be4678d3eb2669a0dd096da339e3ff5b6af5a756eac45cd26649e323157d599e18fe3aae3c0d2ef676b9462635d273562129dcaaf757b95d4aca9ab2579770d9a6a8b5c265946d55d968c953aedaf5a361b5c4f8b625e56251d5122289a4222125a9c9cdfd5a5185edc724bfb9d996c70f30ff519a61e827b4949fd435caef8798e9243a8ce60bba08f63d0da3c3964ab35ad493678de944f8f3e9abdf85247d03a3b4550c930f1ef8a7ef3b4ff00970bdba600320403114008053bf0bb6e4123cbf4f28f1e510aa97b3a899e8d4a4a3e271fa570956e8f62170dda57337a6a1e5128d4cb684e2ef782f81cce98d2e3c9e52fd9655d17cc97e295097eaf42ecfb110c5e4d5d453ba46b26717cf15ec7a0e84414f38937ca0702cecd58f45d0676cdea2ef811a7d1236b134423b12461b490f42171dcd6d3493645b445c9dfc0a67554496ac8b1d4b0427c6f439f52b4a72e183d5bb1bf0f4dd3a6afbf3338e5ecb6696a561b409836ac74615cd15495916cd9549dd5912ac57c5a8ef75b189d7953c4b84b45c8d5177db6312b5a46a5084d6a9192ae5f06fd55b9bd09d9a164a4721e5ab8aedd95ee578bcb68ce8b4959db7475e68c5896d465dd631648dcb76f9fe6545d1ab283e4cc705657675f3eb3aadf3b9c85d93a78ef0c7926abb3d17a3d6e754bba3a9f4668f11d08a1c78fab55aecc6c7b93b5e9c3ea0d69623626c46559317d95e67bca6d7550f24784c62d1799eee9dbaa8f92024171683b8019aafcf287d19fc6269b99eafcf287d197c62075296c8b914d3d9172018862018000116515fb0cbd94d6ec3032b5a08932201600d800f3fd2df9b617f9bf6338d0ec9d9e977cdb0bfcdfb19c68f6510152946b5395392bc64ac7cf2ad096599c54a13d20de87d191e5fa6396ba94a18ca4af283f5acb919bc5db7399a796cd30fd557e35ac65a9839af03a75aa2c4e0d73944e63d06b5c23e8f915555b2ca134eef86ccea5ae8f2bd0dc629d09e1a4fd68bba5e07ab8ec66c6a51b03f01b13d08b117a732995e4ec4e72b10834deaccf6dc5b4a092d8d34e9a94754510775735d269451ac633596745296c54e9d9dac6eaa96fa19dd96a896352ab8f1a564c71836eef726bbec34f506ce30b2bf7162d111e42e24b7762c65625664d3288d6529593b972d8b110ab3518bb9c8c14a13c4e231725a4344d97e738c8e130752a4a56b23ce57cd953e8e28d395a755b4fbcd63decbd38589aaf179ad4aaeef8a7a1f5acbe1d5e5f4236da0be07c9f2ea0eb6618786ee535f13ebf4e3c34e31ee563afc72bda401cc0c8400000293b2b921495d010534558ca70af83ab49ed28b5fd8b1c44e3756ef22bc0f4678296331184a8edabb7d47731f429c30956cd7ad17a1c1cd28bcb3a51c71bc6151dfde75b194ea56c33e193d87c4d72f0938f0ca4bc59d8e864f833ce1fda8b4733130942b4a325aa66ce8c4fabcfe8f8dd069f4e8b2574571648c6db3b89c88b645b26d44ea58c588acecd22eab3b26635f9c9d91cb3b6f11d319a5b97c78eb7148eb5d18685174a2e4c86271fd5c7d54e4fb91b97d31e59b3dab7758af60eb1779c2c366b3ab8974ead2943b9b4749cf4d0b33dc2e3aabe7534dc20d339f8ac653c35373ab2b245383cda8e21fa9c5af7a1ef37a3d2e97e614aee335ba65b45be0571549a9492bdee5895844a9af113d36077445b356a2327a6e62c5b4e0f5344a5ccc38a6dc1d8e795e1bc7b78dce9fe764bc4e65fd537e76ed5ad7e67396b65de6fc5d33e5bcbde74230fc397d4acd76e7a7d47a67a2d4e7f47b0be8b92d0835ab8ddfd67426af17e477bdbcf3a41d485fb485d645f34649f69ea453ef35eb1c2f9aca9e3249c559f347bba7eca1e48f9d625dad67cd7c4fa353f651fa28ce534e9867ec90800cba028a9f3ba1e52f8c4bca6a7cf28794ffc40e9d2d8b914d3d8b900c43100c00008b29add865cca6af618199ec4493d8402f1018bc40f3fd2df9b617f9bf6338d17748ecf4bbe6d85fe6bf8338d0ecaf20a9af791af42188a13a53578c9598d162259b874f9966783a99663aa506bd46ef1f239935eb33e8bd26cae9633032ada2a94d5d3ef3e7727abef4626faaddd5e6356518e797e634eb5df0ded2f23e9742ac6bd28d4834e3257d0f9333d5745b3ceadac16225a7e836ffb1ad6d9deabda6c88b5cd0d494a29ee2ef39d6e33621b846e91c7ade9756abe09b8ae476aaae376b0470eacb4395977c3ae3948e1e1f30c752abd555d7c4eafa7568c136ecbbcb2ae029d47c497acb6299d07c3c138e86b1b7ebaef0c9078fa93ba72d1788a18b9ee56f2f8c9b70934c1e5f56304a153536eb31c1b69e2dd4459d759eaf53153c2e223bcd12961e4edc551b2c8c5c31db4bc6c127695cae9bab8b93949b505a243a1834fd54b4e6cdf4b0f1a51e1489639e5eb3a5786a4e0ef6354e4a116df70924b53cd749f3f584a6f0d4257ab25abee42471eeb8dd2acdd62abfa2d195e317eb35ccf3ee737154dbd16b622e52949c9bbb7b93845ca4acaedb3ae334e795dbd3742b04f139b46bca378d157bf89f494707a2b967e2ecb20e71b54a8b899de376ed82728c5d9b4814d3d9a39599e2a54b10945e896a72de6d5e0df0eb15ccb31dc4b74f5574f981e423d21ad4eaddbbc4ee60339a38bb464f865dcc5c692ba6024d3574c6614582c0015e53a6f80e3c353c6417ad4dd9bf02ecae30c5e5b4aa2fd28ab9dacd708b1b96d6a16ed45dbccf2fd14c4b853ab81a9a4e949e8c4fc2b85d26c1ac263ae95a335739b955554b37c34dbb2535a9ec3a578175f09d725774fe07857274ab466b78b4c9563ebb0778a7de4ae65cb6bc71397d1aa9df8a099a99cdb45e85727cc9c994ce564ee66d6a28ab2737645d85a0b8afb9994af33a186b70dd7333873572e97b49c5c4e456c3a8556df79d8b9457c3aabaf33a653719c6e9cce08ca57b2bae658eac92b244e784a91d77452ef1766635676e9b954d7a4b10d3a894adc88c29420bd48a562fbf76a092b995d8826a49eecd8da704cc9749162aab86cd9a958b16a9ad511948aa33d77277b9769a45f919315654dbdb436339d99d4e0a12d8c65d358f6f0f9c4d4b112d75e2dbc0595e1de2b30a1452bf1495fc8a71b2eb31327dc7a3e83e03afc6cb1325ead2565e67a3c53872f2de5eee9c153a5182da29209f65f9136465d966beb9eb873aa2f5991d3b8b26af2646de0779d3c397759712b48f9af89f46a5eca1e48f9de2d7ab1b77a3e894fd947e8af81cf377f0f49887b08c3b829a8bfd5d0f297d85c5353e7747ca5f601d3a7b17229a5b17201886201800804ca6af6597328abd86050f64449722200001603cf74bbe6d85fe6bf8338d0d228ecf4bfe6b85fe73f8338d17ea2bf711525ab1cea46953739b4925ab08dae796e94e6b26fd0e8cb45db68b20c79f67b531955d0a526a92eee679cad4edeb22e9cf855ed765352aca4ad2429145ae3527092945b4d3d1917b8efa1957b4e8ef485578470b8895a6b693e67a74d3574cf9346a4a16e193567756e4cf61d1fe92aa918e1b1535c6b4527cc966d670f54a09bbb5b13511424a51bc5a699348e7a6b64958254e33d1a44ec348ba59592785b6b132d4a35536926ee755c6e41c1dc6afc74c7c963053a3564acd58d50c2afd22e8a77271562c4cb3b4461182d1032473f37cca965784956a9257b7aabbd8ae7db0f4833b865b87718c93ab25eac4f9e57c454c556955ab272949ead93c763aae3f153af564db93d177233ad0d4896a495cf53d0cc97d3f19e935a17a549dd5f9b3cde1e84ebd58d3826e5269247d6720cb965995d3a16f5ad79799d2315d3492565a58cf59e220ef0f591a2fa8c838d5fada8ef3a4db7be8530951a1dbc3ad7bd1de6977109d1a756369413fa8d4c99d38eebe01abbc3c3dc2f49c027754629f7a2dc5e4cdbe2a12b781cfa995626116b85bbf71a9aa58e9d2cda8c23c2968bc4d387cc69e22af571dcf30b0f568dd4e0d7d46ec95f16609f8317183d28c4339b42d74787c6d359474ad54b5a9d77fdd9ee0f3bd2fcbde2300b134d7e7283be9dc41a3190855c34a32575247cdb37c1bc262e70b3e1bdd1eef29c7c71b96c1ce4b8a2acfea387d2bc3c254615a0b58bb362d84db6f42b30ebb00f0d397ad49e9e47a86ee7cb721cc9e5b9a466dfa93f5647d369d55569c671774d5d1ceba44a5a98f172e185d1b1b664c52e25c273cfa74c7b707178ec4d39da8c6e89e5fd249b6a9558da4b736fa226f45a18ea645d6577561a1cf0963d12e17b755e6d3b682599cdbd5d8e7d5cb312e0953a9aad8a565f99a96a948edfd97d30d3bb4f314df0bd4589c450942fa5ce1d7a38dc2a4e74debcd191e32a29be24ee896deac27865e65761e2527a688b29e2233dd9c7f496e3d9611c5b4fb0cce96f85db94d34573af082b4a493672aae61350b453b98950c46264ead49497719cb73a62f8b5dbd250aaa4d24ee69499cacae94a9c6d26d9d64b4358f4e19715093696870f3caea141a6edcee766b4ad13c6748318e75ba88bbddea3bb245c78e5c5927c13a8ff0049d91f41e83e1d53c97acb6b524d9e1f1f4d51850c3aded77e6cfa56414a386c9f0f4d69ea26fccf5f123cb79ae8b445ecd12ba22c90609b5c7b892d7409af59f982bbd4ef3a78b2eeb362f68f9fda7d0e9fb28792f81f3bc5e9c3e6be27d169fb28fd1473cddbc29086061dc14d45feaa83f097d85d745353e7547ca5f601d2a7b17229a7b17201886200000022ca6af619748a2af6181472421ad97908000000f39d33ab0a383c2ce724975af7f2678dc474930d45250f59a3b3f859a92864582716d378ad7fa647cb38e6f76cb2cfa6ad7afadd295d53eae3693e679cad5e55aacaa4dddc9dd9894da64b8ee5b6534ba52bf22b9495f5438cd5f984a71726dec4d2b3d4517ac742bd8d0d45f22aa90e16acf733a588026e2ef176682c1622bd3e43d289e1ad87c5b7286ca5dc7b5c2e2e96269a9d39a927dc7c8f637e5d9c62f2da8a54aa3715bc5ec35b4e9f56f21a3ce655d2cc262e318d67d554e69bd0eed2c551ab1bc2a45f9333771a957825a91524dee4934893953b770d222e708ad6497d661c767981c041caad64df727766b46db31388a585a12ab564a318abb6cf99748739a99be35c93b5283b417da5d9f7492b66d374e09c28a7a46fbf99c445912d2489c5118a675b25ca6a6698b8d28ab46f794bb91a8cbb9d0bc9badafe9b563eac1fa97e6cf7fb232607094f0786850a51b460ac8d4c21ad46082e00c6456e301868c48602952a7515a504fea33c32ea142bf5d4a3c2fb91a56e49bf546c44641cd2139dc9b5d26dd8ab10a3568ce9c926a49a642b57850a52ab52568c55db678bcc7a5d571189747089c69c5db8bbcceede22c8c54275328cdab612a4bd46ddbec3763670c461670a9649ad0f3f9a54a95eaaaf29373b6af998e58ead385a551bb78932c2b52c65af070a8d2e4cf65d11cefada4b075a5ebc17aadbdcf1d37c6eef9852ab5709888d5a7271945dd342ce125e5f5dbdd15ce375b1ccc8b38a7996113ba5522ad2475ac99cbb74daa50d0b69c2c98d2d4d1082e1358c4b58ea42cee8a5e2254b75a2374e9d8cd569a92b335b6f1ca7d41e361523ebc53f333545839caf2a71bf911a9859a7eacb42a585ab2924e4919f7aef3d7f51c43a0a3f9b825f5191c6536ed0b1d2865e9f69b66a86129c396a5ecbe598ce1c6a7974aa4af2d11b7d162a2a292b58dee2a3b22128a48ce51c72f25c99a8d2e09686a9351488c159eb631e638ea584a12a9395adc8cf518eeb26738f860f0ee5c4aef448f0957112ad8a75a4eedbb97e6798d4c7e21b6df05f44613a618eb9a99df91d1c34679966d4e2ff004a497d47d3297e6a9461ca29247ce7a3b88a784c7f5f5637514ede0cf4f2e9452be907bf79bcba739397a2551a7cc92aaf99e67e55c1feabfb93874a6849da7068e736beaee49a6ddc15ac736867583af2b29f0b7de742138ce178c93f23d92cb1e0ca595931ad7aba735f13e8d4bd943c91f39c6ab70f9af89f46a7eca1f457c0ce6e9e1fa96c01aee1730ee0a6a7cea8f94bec2e29a9f3aa3feefb00e953d8b914d3d8b900c43100000011919eb7619a199eb7618142eca005b200000003c17e169279160bff006bfc247cbb924b73ea7f857d723c12ff00fdaff091f2f5b5d858a5a6b723765ce29ee45c34d02ab4d8f7d18d45dc765baee02372327764adcc8c8948886800b7228616b8f980095e2f4dcd1431f8bc3fb3af28fd667d9ee3e4075a1d25cd29c6cabdfcd0df49f346ade90d7d471ee1e00d37d5ce71f5afc7899bbf898ea559d595e73727e2c85afb9251b0092d495ae4e10bbb9dac93a3789cd6a7138ba7453d64fec2a316579657cc7131a3420dddd9cb923e9794e514329c32a54d5e6fb52e6cb32ecab0d95e1d53a1057b6b2e6cd9157772a2515643dd8ec0809722236201a06c3c01201a18808195633111c360ea5696d05765a8e7f481b591629afd8608e2cfa571bfa94f4f1655f2b649dbaa4feb3c7a9ca6ad76ac494a57bddd8be934bb7a5cdf3d598e0fa88a70befaee79f7425156838a48afad76f15b0e15e5c2eef7378c9225b6956a151c5fac9e860a986a91bb71d8e875a9c77d4856ac94789caf7dd19a92b98f4d1e8465ac5781656a8a6f45a15332db5e5798d5cb7171ab06f86feb47bcfa465b98d1cc30f1ab4e49dd6abb8f9533a194e6f5f2baca506dc1bf5a273cb1fc6a57d520aecd2b4471f2acd286614555a524db5aae68eaa9dc98ad8b346b528ab4d6ad167109c8d548c92810ea9266892d48b5731637b42314bc6e4ac869683b066aa7daf020debb16b8ea73735cd2865d4252a925c5ca2b764bc2c9ba5986614b0549d4a924acb45de782cd336ad98566dc9a85f444732cceb6635dce726a3ca37d8c25c70fb4b96b8800761c62e4ec937e475d39afc3cf817997b9dd5d6c634eccba1534b33511639681c7dec4daeed05a32a27c7ae8ec74b2fceb11839a4e4e507ba6721faac94656d1b0964af6ef30a58ca109c25ab6aebeb3ea34fd943e8af81f01c1e2654715455df0b9a4d7d67dfa97b187d15f01bb58c71f54f4e421d82e46c14d47fea68ffbbec2e29a9f39a3feefb00e8d2d8b914d3d917201886200000022ccf5bb0cd0ccf5bb0c0a1765002eca0f30000003c1fe1664964981bff15fe123e651e16b747d2ff0b8af91607ff6ff00c247cb142a462a56693d98dac68e0e5dc27077b3d0a9d6949b6f47a5ac12ad3e2b377b732ee1ca6e17bdb911e09220ab341d7b25390d38ad4849df5252a9c71b320458560b318c8221625600a560e1ef185b4005143510b58698058b29527524a314db6ec92234e9caa4946116db7a1edfa35d1a70e1c4e2a3eb6f14f91515e41d12e271af8c575ba89ed28d0a787a6a9d3828c52d912841422924361119138ad08a576589140c1200018ac0c1201d82c004000580071dcc59ec6f92e257fe06e8a30e7d3eaf25c4cdf283651f2da94a706ec9ea41b9a5b1afd329ce57697d6394e9c96a95cda46155365b78829df534f0517c96a2ea296bc80cb39abe8ccf566de8cdd2c3439332d5c349cbd577b19b1a6602cf47a9dc2951a917ac599d2aa6844dc24bf45917744d0d580ccb1197565528cdad755c99eff25e91e1f31a4a32928555bc5bdcf9b12a75274a6a54e4e2d73466c6a57d89544f54c4e67ce703d2bc6e1528d47d645779d9a1d35c34edd6d394598bb8d492bd5f15dd86b53cfc3a5b96cb5751af345bf2ab2d4bdb2f71371af5aee240dd91e7aaf4c72f845f0c9cbc91c6cc3a675ab41c30d0e0bf32eff135faf479d67b87cb28bbc94aa35a451f3cc7e635f30aeead59377d9771557af571351ceacdca4fbca8d638f3bacdcb8d4008690ec8db9847a5e8665d1c5e613ab569a953846daed7679ea74a5567184137293b248fa6f4732bfc5796422d7e726af2378f1cb397e2ac5f43b2ec4b72845d36fb8e5627a08926e85757e499ecd3d04f72fb269f31cc324c6e5c9f5b4db8afd25aa39d66f91f5caf469e2293a7560a516ada9c3abd14c0c9b714d5c714dd7cfdad08376b33d6637a1b5a37961a4a4bb99e6f1381c4616a3856a528b5de85c6acb155277c451fa6be27e88a3ec69fd15f03f3ad1d3154be9c7e27e8aa5ec61f457c0c89ebdc1a86a0005153e7347fddf61794d4f9c51fafec03a34f62e4534f62e40310c400003020ccf5bb0cd1233d6ec30285d9400bb280002e000783fc2cc78f23c12eec57f8c8f98d1bd39a72578a776bbcfabfe13309531793e1214d5dc711c56ff6b3e5f2a15a9f12941ae1dee86e74bf15d48425afaab65a11e082bd9292bee09a7b8da4ad606d074612bf2643a8458e2f56989d47fa511a8aad504db441d19abd95cb94b5f55925269798d26d93827cd31eab91adce2d5883946f66932696550909973516ec9d8a9c35ed009b485c4fb82c912488124d9ab0580ad8daca9d183937bbee2781c0cb155a2a5750beacfa0e519652c2d08aa54f85737cd93632e47d1aa582b4e694ea736f91ea2953508a495ac428d34917164d20131b16e50e289892b2028060002e6492051ef1d8040a2c69134808a88709200158e6f48e3c790e2e3df4ce99cecfa4a392e29f74181f277859abf0bd4adf5f176699b78ecf4d5a26e7196ead2b1be19db9aeacd3b34d1752ab7d1bbb354a10947d68a2a78654d71c15ee46a584e6ddee09db7147c8529a4eff00d8a1ad55d6c1c6afaec56a76dac90bac8f3e64da6964b85bdae53529c67c921f58aec7c49ec4dc6992749c7c885ac6d6d5b5b2299ba6d7899d4567682c49b48365b9046c1a92482c04585992b6a3bab58086ac69124d03b0424b52da342a579a85383949ec9236e4d96cf32c4f024f856ecfa0655916172da49c69a7539c9ee6a4fb52dfc713a37d1a742a47158b8faffa317c8f61b44ae2b5d0b5dec2d485163beba91bdb61ad5dd914ef77722c6c8c9e80352e4515f0586c546d569c657ef459b05cb2d89a95e5b37e8bd18d6a75f08b878649b8fd67d6297b287d15f03c3e2dfaab5e67b9a7eca3e486f6926920000a45553e7347ebfb0b4aaa7cea8ffbbec03a34f62e4534f62e40310c400310c0848cf5bb0cd1233d6ec3f20285b2005d94001600b8580f3fd2ed70b8556bfe75fc19e571d94d2c6536adc326b747ade94fb0c2ff0035fc19c8e0bc53466cdacaf9fe33a398ac3393a69ce3cac732ad1ad425c3520d5bbd1f4f7057dae62ccb2bc3e2e94b8a9ae2b6e4fed1772be74a69682954b69a1b331cbaa60aab4f55c99cf69b66a65b3495d377d86e51d352b6acc8c9365d9a5cf81eec838c37522bb342b93627c31fdabb22d24ec26c57206384929abaf322ae3d9857bae8d65f1ab4638894570bd91eb2104ad1478ce88e6c9d0f449bb4a3ac7c51ed682bae265d32bd2b206c000435b8b90d228921890c800000268690912e4500087740000000737a43075322c5c13b374dea748c999d1962701568c2dc538d95c0f91b855a33f5d3689397172d8ece372fc4e0a76ab4ee973b18650a72bc5c52bf71b92332b346aa4acfde4e153f4792275309092bc5b5633751561a45dd0aba89ce5193ba6932a9d24f5e2dc8b738e9280aef6b326d744f0eff006c8cb0d2fda44d4aef40726d6da934aa9e1e6acee2e1a91bf327d64d2ef232a924b6322a9aa927adc8b8c96e8b7ad7cc157b27eaa7a5b5e428a1c741245aea26b520da2296a4a09c9d82e92127701b4d0ac372930e1b8095b917e1309571b888d1a716e5276d0785c255c5578d1a5172949db43e8dd1ee8f52cb28aa934a55a4b56d6de06a466d5b906474b2bc2a56bd46af267566c9b76562b96c2dda4282d493140272b1025ab24d696141697252020f413571916c293d8561b7e02b8465c67655bbd1eea97b38f92f81e1b19d85a7347baa77eaa3af25f028908760011554f9cd1ff77d85c5353e7347fddf601d1a7b22e4534f645c806218800621811919ab761f91a6467add97e40675b2005b2f20000000385d294dd0c2ff0035fc19ce82b41791d2e93fb1c2ff0035fc19ce8eb14056e93bdd04a8f146ccb921a489a1c2cc72da7888b8ce3ba3c766192d6c1b94e3172877a3e9556929ad4e5e654630c057724aca0f7467d79e1adbe652693d5917245b528a7376762995269a3413909294b64698e1536afcd17d3a5182d10d0cb4b0d293bcb4442b462aa70c51be6d462f91860b8ab5dea5d1b4a141b577ee2b945c65666d4b5df4b15d4a4a5552e6d0d1b3cbb133c1e329d687e8bd7c8fac603134f1584a75a93bc64ae7cae1455ecede2cf55d14ccbd1ea3c1d497aafb0d97497f5ecee32b8bb962207e049042377727640442c49243b010b12482c34806310c04c437b11403b9244077024d907ae80d8e2b4b818f1385a75a2e3520a49f7a3cc669d1b8eb530ba3e717ccf6328f1144e8df56823e6588c36230f78d4a728f2d8a14a4959dd1f4c9e0e8d4edd38cbcd1cfccb20c2d6a6dd3a6a12b6e917d878094d5edf122e6ad6b26d9ab1d839e1ab4a9ce36b6cfbcc134d49db909564494a9afd114aa45ad5153f022eed0ab137387711728bd911eae52637069d91360938356e112e0b765038eaae0d2b683413505c884e296c4dab09af12115343b5876bbd351aa537b458d08ad8d384c156c6d654e841c9b3565d916331f512853718b7ac99f40c9b24a196d1518453973935ab3512dfc51d1ee8f52cb69aa95129d66b576d8efdadb02496c26c96a427b909926f9916c049916af21938c39d8022acac2912b0a4b4020c8bd49322fc0813d841ab0b3032e33b2bccf774fd9c7c91e1b1716e2afde7b9a7ece1e48a24000005153e7347ebfb0bca6a7ce68bfa5f601d1a7b22e4534f645c806218800621811667add8668667add960675d95e400b6400001b001c3e93fb1c2ff35fc19ce86b14747a4f7ea70bfcd7f0673e1d9404862fac1b016ecc19f4a14f29aee5ce2d1d04aece374ae7c3944bc5a03e752d67a6d71249cd12959dc20bd7fa8aab16aee9934d2bdfea21056d3bc94bd5b89d2a9c44bd5651858de5764ab49bdf992a30e15e2c9f45d156934df915b57aab91770b7693dd15b76ae8d7c4d34c125b3f79750a92a5514e2ece2f4288e8c9c5f13d5d8acd7d1327c6471b8284d3bc92b3f33a718dcf25d13c5469e2258794bb4aebccf6295919b395822ac89090c8a0004030000043100011b58909a0109dc0924804a3de4f905c570022c6d880ae51481c38a362db5c12b01e6b39c9e9d76e528efccf2199e4989c23738c5ce9bd6eb91f50ad4a3560e324617878bbc2714d77326b91f2b852bf6b47dc3942dcbea3d9f48321c3c3095317421c3382bb4b99e2dd6e257516cd4a1256972488d4693e45752acaf64989d2a8deba5c4512a914fbc875a5d1c136d26f72e584853df564d518af369bb3b320db66eaae3d5b4acac530a49c6ed6ac582ccba74db70925c4f66cf5393e432c4355abc6d0e4bbcf23414a8e2235386ea324df89f55cbabd2c4e06955a56e1946fa72644abb0d85a7429a8c22a297817c37d0829591641731b44c849e8499090545b112048022aef53425a15c205a5426915ce3a16916ae1595ad6c4a34efab26e9de44ad60882a7143e05dc4d880c78d4943eb3d8d3f671f23c7e3bd9af347b1a7ece3e404800000a6adfd268fd7f61714d5f9c51fafec03a34f62e4534f62e40310c400310c08bd8cf5bb2fc8d1233d6ecb033aecaf20b82eca0e40017000387d27f6385fe6fd8ce7c7b28e874a1da8617f9afe0ce741faa809357d86a3704fb89002d0f37d32ab6c0c617dd9e8dbee3caf4d1bea68adaec0f14efb0d36a2c4f725fa2bccaab22ec937b91949b4efb0ddefa6c294931f051349c91753564b417037aee597b2d3909fea9c937c8a9a7d6c6ddc5faa8ebccceef0aee0f7df429b8d29a56e64a116ddde84146fb16c5a8a5c57658c56ccbebcb0f8884e2dde2eebc4fa3e0f111c4e1a1513bdd1f31e28a95e37b2d8f57d16ccb7c3547bbf56e2f24af568624061a3100c04862634c0062180806d0808dada9152bcc9bd8a69eb39016dee0d8689108cb8a40596b8ec00000c0004573a4a4efccb44c0e7e370d2ab85a949aba945a3e6d570d2c34aa51946d28cadaa3eb164cf19d31c1d3a55635e1a396f6e6588f1f25194d26b526e169b7ba4105c552eb5b126f85d9abdca539ca295f66569dddddfc026efb82d55b4f30b1556b7036d5850b3847bc55d5a93bbd8294bd4d579095a35da9267a3e8c667e8d51e12727c32ecf81e6ef69efb9a30f51d1ab0a917aa7733632fa8d18b92bf79a2d6466caf134b1b80a75a9b5aad7ccd4c820c8b64d9151bbd808a4590873b128d3b2d49a56282d60189809886c4c042631042b89ec0c84de8067c6bf51799eca9afcdc7c91e2b18ef4d5fbcf6b4fd947c901216a30fac045557dbd1f365c5357dbd2f3607469ec5c8a69ec5c80621880062181091456ec3f22f91455ecbf2033ad979002d900000001c3e94fb0c2ff0035fc19cd82f551d2e942fcce17f9bf6339f0ec2024b407a8b563bd900b44aecf21d359ddd28799ebd2e2dcf23d338fad4ecaf64c0f1ef47a124d2b78ee1c2f945ebe049c1f12f55eddc1ad249a4bcc4ad7b0f8649765bfa88b527aa8bd3c04a5da6a3e22e25c5a681c337af0b5f50463396f17ee054a4dc924d14535f9f6cbbd74bb2fdc5508c9d57eabd3c0b2a69a62d25a6a4e0db6aeb521d54d68e325f512509f0e9195fbec369ae56d39478ad2d11ab075dd1c4c27176e17731a849daf193b6fa16c54d5bd5775e06a0fa5e5f8b8e2f090a8b76b5351e53a2f8c9c5ba3513517b5fbcf548cd53430020043e60c02e34442e0482c2b8c0562a8c7826d9732aaba6a042acaf164a947423c378a2e8ab201800000000009ec3130123cb74d6eb0f4dd8f528f33d32a729e1a9f0a6ecf91623c326d6e2e26dabb2c74e6afea49dbc082a352c9f04bdc5d086ef506ad22c54aa37ece5af8119d2abb703f3b0d2c66c4c9b88525686bdc47114aa5d25093fa8ba14aa75693a725f51276bc2b6d29265b07add7314e955bafcdcade44e342a5f5a72f71743d4f44734ea2bbc2d47eacf6bf79edec9a3e514235a854538c24a4b55a1f46c8f1ef1d8084a69a9c55a4992c474785028a43020400000218804c4362b04210c8b0a4c84f5458f5441a08c38d7ea2f33dbd3f651f24788c726a2bccf6f4fd945782f800d80c4005557db51b77bf8169555f6f4bcdfc00e8d3d917229a7b17201886200188008b28add87e45eca2b765819d76579002d97900000068070ba54ed430bfcd7f0672e127c2b53a9d2af9be17f9bf633950eca02c526b98efde450d01626ec535b0587c4bbd6a519f9a2d449135b5de98d64f80fe1a9fb89fe29c0ff0d4fdc6a44913d62fb564594e07f86a7ee1aca7016b7a2d3fe9358ee3d61ed595653805ff006b4ffa47f8ab03fc2d3fe93580f586eb27e2ac0ff0b4ff00a41655804efe894aff00451ac65d43759bf1760f9e1e9ff48d65d835ff006d4ffa51a0635136cdf8bf09fc3d3fe91fe2fc27f0f4ff00a4d031a36a6184c3c1de1462addc8b800a0188600020018860000017001349ee3001597703d8627b00aec0002180000000c2910a9469d556a908c978ab960019fd0709fc3d3fe943f41c2ff0f4ff00a51780147a0e17f87a7fd283d070bfc3d3fe945e05e519de5f837be1a97f4a0f41c2ff000f4ffa51a00833fa0e17f87a7fd287e8585fdc53fe945e05dd34a1e0f0dfb8a7fd289c2953a7d88463e4ac4d80d8043110016000a40000268561880561586d89842688d8932370326392ead69ccf634d7e6a3e4be078fc7761799ec29fb38f9012001001555f6d47cdfc0b4aaa7b6a5e6fe0074a9ec8b514d3d8b900c4310000001165157b0fc8bd94d5ecbf20332d97907d435b2f210000ec00707a556f47c2dbf7bf633950bd95ceaf4abd8617f9afe0ce5c76572092649111a02689222868a2449111a02434200a90c4800600003001a000000018000000000c430000100c00000000004f6189ec02000410c0000062185000000000000000001600000001000040218b90000030a40c0004c4c6c4c0426313084c8b1b101931dd85e68f634fd9c7c91e3b1dd85e68f634fd9c7c9012d04300115d4f6d4bcfec2d2aa9eda8fd2fb00e8d3d916a29a7b22e40310c400310c08329abd97e45f228abd97e40675d95e421ad97900000860707a55f37c2ff0035fc19cb87651d4e957b0c2ff35fc19cb8f6510490d6e2435b013449114345124344512404900ae8aeae269525794902d5e0732a66d08df87918ea6797ecb35eb53d9dfba1f12ef3cd4b399b6ed22b79bced7e363d53d9ea78977871c5734795966b51c6ea76faca279ace4aea6efcf52fa9ecf5eeb535bcd7bc8fa551db8d7bcf22b1d397e93b3078ce1775763d576f60b1149e8a6bde5919296cd33c9d2ad39fac9d8db47193a4d59bd497136f40064c363235525269335ee6540c4014c43100c00000000004f6189ec021800400008060001400000000000000000000000000800004310400020a002e00210d916c0088c8840c40c00c78e7f9b5e67b2a6bf371f2478dc7761799eca9fb38f92025e40000055557e7a97d27f02dd0a6afb6a36fda7f003a54f645a8a69ec5c80621880062181165157b2fc8bd94d5ec30332d909ecc7c909eaadde009de2afcc061b81c1e957b0c2ff37ec672e3d94753a57f37c2ff0035fc19cb87650124342434413434453257b6aca24575b114e8478a7248e7e619cd1c2a71524e4799c5e6f5311525793b799b98feb3bfc7731d9dbecc1d9339d2c74ab6ad9c98549d7959dcb2b54eaa09477e66b5134d33c43bb4e5c8cb3c4d9f819675e525742529492ee1b592b475edeab4b93559ad793d2c6776e1561c14a7bbd185d45b2acdbb37b8466dd96b6231a6dbb3d1dcba29243e258b29b925bee68c3536eeef72ba51e2496c6ca54d422ddfcc41726d4524b55cca3139a61b08bd79294fb8e76679baa69d1a2fd6e7247027525526e526e4df79388b23d32e93c62d5a0d789e8f26e91d0c7da949f0cf95f99f344eed27b1aa856951a91a90938b8bba6993b5d3ebc9dc0e2f47737598e15466ff00391567e2768c50000050310c00000004c62000000800000600014000000000000000000000000080002100000098d882810c40262636440421b13084c571916065c73f51799eca9fb38f92f81e371bd85e68f674fd9c7c8061a0f717d4005357dad1fa5f632e2aaded68fd27f0607429ec5c8a69ec5c80621880062181165357b2cb99555ecb0337242b0f92001006800707a57ec30bfcd7f0672a1d95e4757a59f37c2ff35fc19c987650135a124450d104d3b23859ee771c345d1a4fd77bb5c8d99be631c0612536fd66b43e7d89c64abd6739caedb378cd729daeaf8a956a8db936df89083e2764ccb16dbd4dd83a7c75137a25b976b236504e9536dad795ca6ac9cd36595ea6b68bd8ce9f173df734146364d32715656616495afb0a2db6b520b2c9475d49c5a4ec95914a6d372271bdf8ad6b95176addd128c5eebdc28257b4b997423194d2d920ad14237db6b99f33c73853eaa8bf59ee4ead7b478292bbef31cf0b36dce5ab6f5319672378f8f6e4ce0dde4f72be03ab530cf86dc36666ab85970e8b5394cb6e99616315acc7c5625284a09b68ae3abd763a4d3958f43d1cc7fa1e3a9bbfab2d1a3e8d09a9c5496a99f25c2c94670978ea7d0321cc956a4a8cdeab61597700008a0000060000021880000020188614000000000000000000000008062000000008400014080004c180980116362084c4313010985c4d81931dd85e67b4a7ece3e48f178eec2f33da53f671f2403d47b80800aab7b5a3f4bec65da1456f6b47e93f801d1a5b17229a7b1720188620018860229abd965aca6af61f9014725e4446b65e4200d000396a0707a59f37c2dff7afe0ce443b28ebf4b35c3e17f9afe0ce4417aa9dc09adc6da516dbb5848e6e7d8f581cba6efeb4959093752bcaf49333f4bc6ca9c65ea43447093bea3ab51ce6e4dddb7a9182f1356f2d49a68a4af24ac74e95a8c35e68c584a5c4d37cb72dab56f3b2d522c4ab2538c9dc8c5abe9cb52abb7a02924da436b17369ad55bbc1593f0231a977a26df758142b5595a14db64f693eafadab3ac57b5b4f02ca76b24ddbb8c7d5e229d4b3a6cd586c1622bb5269c512f9318d4f1e55746718a777b6c68a14aa6266a314d479b2fc2e4d692734df7dced50c3429c6ca3639df2fb4e1b9849db052c0d38478631facb3d1237b5b4b1d0542daa0eaac73e76d7b395570519276465ab846bf4743bce8dd58a2ad1be9f51396a64f358ac146749b8af71c99d0941ed647aeab87e04ec9789c7c551d5be5e46b1c99ca4ae5d1eda4cede5d8c9d2ad17176499c65171aa8d78772e2bafa8f4e3ab1e6b1f4ac1626389c3c6a27bad4d08f33d1fc6f0cd519cb46b43d323366a900001140000000c400000100c4014000c0000004310c0004c100c40000000000020000001030130013189809886c8840c8b63130a4c5b0d91611971dd85e68f694fd9c7c91e2b1bd85e67b5a7ece3e48095c0035016e535bdad1fa4fe05e515fdad2fa5f6303a34b645c8a696c8b900c431000c43022ca6b76597328add96050b6421f25e42000f3000383d2cf9be17f9afe0ce443b28ebf4b17fa6c2ff35fc19c8876579012bdb53c2f4b331f48c675317ead3f89ebb34c5c70580a955bb34b4f33e6989ab2ad5a536eee4eecd4e2277555efa96d28b94922a8c5b66da10eae3c4fea24697f17570e14b5216b6af9909cddd736f646dc1e11545c7535b6c8679cc5bc71b955787c354aed25eaa7cd9d1a193d3d5d4936cd787a51d1456c8dd4e93493b5da3cd7c99576d49d3047034e0ed0491ab0b84576ecae6b8514f9599a29d28a56466725cb867597d39b578a7737d0cba118af552b13a30f5ae6b4cde38c62e5552c24111961edb1a2fa82674f58ceeb2703891dcd738a92d8a274dc5f819b0da0e37451561734320e2dab19ad473eac1d9df63938ca5a3b6be4776ac3fb9ccc4c1abd95c4d371e72a2b5457d35254a4e155453d2e18c4a15e2dbd8af8ad3e2db5b9e8c3a79f39cbb585aee9568cad669a67b8c1d7588c342a277ba3c05092928de5ba3d5f47abf1529526f67a1aca311db00030d00000000000000000000180800620000013925b90957a71de480b00cef1d457e9220f31a2b9dcba1ac0e6cf3682b596e532cddbbdacac355371d80386b369c9dae5b0cc2aef21aa6e3ae23252c7465652d0d319c66ae9dc8a908000040000260200644645e81009809803220d89b032e3bb0bcd1ed69afcdc7c91e271afd45e67b6a77eae3e404b70dc2fde80037d4a2bfb4a3f49fc19794577f9ca3f4fec6074296c5e8a297651780c431000c43022ccf5bb0cd0f633d6ecbf20285b2f2005d95e400000170383d2cf9be17f9bf6339115eaa3afd2cf9be17f9afe0ce2caa2a749c9bd12b81e5fa658fb2861632f1678edd9bf38c5bc666556a5eeaf6462822dfc22ea34db96c5d5aaaa71496ef442a4d462e4de96334e5d6d76f749937a8d49b7430547ac6a72d59dac352b69630e02968b4dd1d9a34d2b3b1e4cadb5ea9c45d429a5b1b12b221085da6688c3c0b2316a508e85aa36d84b4562515791a8c6d7d2565a96dc8a56881d6226b70bf7116f404f52895f9b07a916c2f602a9c6d72362d93b95733162c53512face7e27895f5d12d4e94d26737197daf67de62b78f2f338d8a736f65c8ca95d29771bf12d4a4d496bde6151e09b8cbea3b78eb1e4c755bb092b59f71e8324afc18c8abe8f46799c2d4b54717b33ad81aca956838ab59a3bf71c3ebde6e04294d4e9465de899c9a00000000000000000000004675234e3793b23978ccda31bc60fc0ba4b5d0ab89a74b76ae62ab993bda071aa6327567bdee4a539422fbcd4c536d7571b37af118eae2e4de8ddcc956acdcad77a95f1ce4d5cd48353c549ad487a549f368a385bd9bb0faadf5f12ea226aaca6d59f3d4b249b6d5c84745eab2ea6afe611650a7c09732bc6e634b070729caf2e51238dc6c70941bbfaef448f2788af571355d4ab26db26d646faf9de2abd46e33708ae48bb01d21c5e16a47f38e516f54d9c4d55ef2fa86a6b6ee33755b8fa9e599953cc30ea707af346d3c1746b31ea317085eca6eccf789dd2663a5a0004c201009809898d8804f42236c8b6109898db22065c6f6579a3dc53f670fa28f0f8d7ea2f33dc53f651f2403df7186fb878dc05e251886faca3f4bec65e67c4fb4a3f4bec60746976517a28a3d945e8062188006218117b19eb7659a1ec67add96050b65e4205d95e4170180001c0e966986c2ff37ec6792e9063bd132a959da535c28f5bd2dd30d85fe6bf833e67d2fc5f1e229e1d3d22aecb3f52bcd39394ddcb6112108ddea5afd48b7dc46d5e267c29534c961217a9132ddd4ab7bf33ab82a57a915fdce5e4ae9e39cbb382a4fd5ee3b14a9256ee39b854bb3c8ead25b791c2735d72ad34e3a16a565a95c2567a9636acac7491caa56badcd1463a6a5105aa3547446a4e51261715f715cd8906da8ae08a189b188813656f4659622d5ccd551277b987169283bf71be5a2d8c7888a9e9c8c56f1bcbcf622927277db731d4a69c6eb7475ebd2b4ae619c527768b8dd2e7cb9e9fadc5b5b73af85946a462d6965a9c8a9254eb38bd99af073e09f0a7a33d78e5b8f359a7d0b2aa9d66069bbf2b1b0e5641578f05c3fb2cea98bd8000080000080000282bad5a3429b949dac4a73508b93d91e5f37cce552ab846568a2c9b4a798e6dd6b7152b2e473235dca37df531ca4ea4db6f535e0e971cada9d35a674d986a4edc52d96c3ad3bcecb665936a10e1daddc63a93bedee01ca7c2fd58dc14a3c4d344389b576356706deefbca24e492b45094971d9ed620da72bf169c838e106174be114f48adc94eaaa3076d67c922aa72a9564952834bbcdd0c128c7d64dcb9b673cb291a98dae157a353112752adeef919678095938ad4f551c146f7b5ee29e0a3ad9239dcdd351e2711849d29765dccce2d3bb3d9d7c0466b58dd9c1cc32d74ef289a99466c64cbeb75189854bb7c324cfa8603174f15868ce0d3d353e5518ba734bbcf5190e63530b5145bbc1ee5b37cb3b7b613234e6aa414e2ee99264098804c01916362084c8b1b6458116260c4c0cd8d7ea2f347b8a7ece3e48f0d8cec2f33dd53bf551f2403b0c3ea15bbc03528c4f6e8fd2fb19799f157eb28dff006bec607468f651799e8f651a0062188006218117b19eb7659a1ec67add87e40675d95e400bb2bc800076e621edb01e7ba5eed84c336f6aafe0cf90e6b88f48cc6a54ee7647d63a7753aacaa94efb4dff00f567c66acf8a7277d5bb97e13b49caedb2aaf52eb8509cec8a1bbbb91a8b70eaf51799dbc245295ce4e021c75d476bf3676a8d26b48eacf3792bd184e1d1a75614e9f149ea0b36705eaad8843033aa945bdcdd0ca28a8abee631d6d72918bf1ccdefbbdac4e9e6f5af6b266bfc4f456b62bfc50a3ac59d2e77f199316fc1e66a6fd756675218884f691c1861dd3d95cd34f8e02669718ec29683e35de73e15df797c2adf99bf6674d498efa94c27e25a997689dc4df78ae45b1b0dcbb84d91724b722e689b51536b992aeba5cbaa578a4eed58c95315453edaf799b16326256a736b2b5db8e87431389a4b8a2a716fccc356a42717aedcc98cadb838e76ab75734616a7128bbfac8c78f93754b306ecd3be87a7079f2edefba2955ba5520f93b9e8cf2bd1676ad2b3ed23d48bda0b8360c441240453e448043115d7a8a952949bd90473339c6aa546504eccf1988aee737adf5dce8e758d73ab28a6713573d4eb26a24e5ab0d06e4937b9dbc3c150a5c6ed7b6873f2fc35ed27a2469af5f5e14f48e8511a95a552fe2f7217514d2d5f21c212ad750d15f57de746861694127c377dece796723a4c1cda7d7d4568d36b5dd93783c4cdda534afc923b11a3dda5fc0b69e1d715ec73fe4ad7ac70e593d776e1aafc7436613268d357a979cb9b6765534b96c5f0a6ad762db4e18a9e1a14d5945685bd5aee35704484a1dc4b136a3812d9117045a26ae4565a94d5b63978cc371425a1da9c6e8cb88a49c5f8858f178da2a9cf6b345b83aad2b235e6b4524dbdce6d29ed65a2dd9d70ae79c7b3c8b32e24a84e576b6677ae782c2d7eae71a94f933d9e0312b13868cd3d6da8b3552731a44c645900d916322c21322c6fe045b00641ee36c57033631faabcd1eea9fb387923c2633b2bccf774d7e6a3e4807e63d7986a2f30033e2bb747e9fd8cd1b19f15daa3f4fec6074287651a119a87651a500c431000c43022f633d6ecb343d8cf5bb2fc80cebb2bc82c0bb2bc8002c3b0582d603c6fe132af5590527b5eadbfb33e3edeb767d5ff0b52e1e8fe13c713fe2cf92c9d958b7a588ca576c42030d3a195c6f54f4b83a3ccf3f9447d66d1ea30916a0aef54797c9dbbce316ec3c52dd6a694d6c6453b6af90e588495d0974cead69e2b1175577ec6178b8ce6a0a576fb8df470ea714dc5bb9776de175a427522972d45c49abab6ba056a5149ab34d1cff004950a966f6666db2b526fa7492d742d8e864a356fa9aa3eb2d0d4a9634464cb53d0a69eda1352d4e92b9ade22b73b313959ea5727de5b57473abea996b556a2ed72e7aefb14547157d2f6316b5230e25d6a89a8dce6e268d5b6cf5d7c8f41070567c8938d29769224b5a78a92a94e527272f0f1250c4c92717aa68f535f0587a8aee28e266382a74e9f1412475c72dd63d5c2c5cbd749dee4f0eec914621fe76cf917e1dc5a8efa33ac71bdbd9744e7258ce193fd13d99e4320a6a9e6349fed40f5c2d4310c4025b9222c972003919d633aaa4e2b92d4ea549f053727c91e373ec6b949c56b77a9ac672cd70f1b88eb6774f5bea4b0949d59f149efb22b54d395da3a981a3151e37a5b636ba689ca385c3da4ecada98a8c9e36ade3754d6fe2519ae29e22baa507751dedcce965745c21d9b1c7c99eb874f1e1f6ba146870d35149591b2953b242a50ba4688c2c716ed1148ba2ac88a49135a1a91934b52e4f4284f52d5b1a8895c8b626ec46e50a4b522c9b6c83dc9445ecca6a45345cd95c999570337a3783fb8f371e1a737af3dac7b0cc60a7464796af45a9bd0b8dd55ca6e34517f9b4e3a35c8eee438f71ace94dd93d8f3542728a70969cd9b685474abc671e5a9e8ee384baaf7f7bec44a30388589c2c2a2e6b52f6735a4c4d8322d809b22c6d89811600d916c0cf8cecaf347baa7ece1e48f078becaf33de537f9a8f92f80127e23d506a85e60066c5f6a8fd3fb19a763362dfaf47e9fd8c0e850eca3499b0fd946940310c400310c08b33d6ecb34333d7ecb033aecaf2189765790fcc000060780fc2ebb64182ff00daff00091f2495dea7d77f0b30eb324c047bf17fe123e47523c336bb999ab11431218576b258e9767a8c3a76470325a4ba98be6cf4549595b6e478f2e727a2f455a6a2b538f8dc6ba716b53b53a6a7b9cfc660233bab2dc55c74e5e0b1f5e756d463791a7199e63b092549b6a48d182cb5d0aaa74f4673f3bc2e2a78b75785f0b5c8eb85899ca8c7a498a6ed3d516fa6471315512699c29d3aaa76e17ee3bd84eaa19570ce2dd46f4d0d678cbf4c2e53e36e0f1926acdecb73af86ad7ddee797c0caa47116941d99e8b09071d0e1d574ca71b7560fbb9926da453065f6bf23b470a86fab6464efaad42a371bea649d496d7b5f616e962e949ecfbcadd7841ebabd4cb89c5aa0a2e52d5bd8e0d5ce26ab4e1149493e66756f4d6e4ede8de292f552dcaaa629453e2563cbcb37c539f693573a75618d860e35e4b8a325735e95a9962deb169c9b52d3b8c38faaa74ecb5b9cf863b8e7b5996d693745dbea249aad65ab38717116eb9e962fc2f6e2bbd94621cbd21b96adea6ac0478b114e1cdc91e98f1bdbe5ad4334c3c76f52c7aa3c9d27c19b61393d9bfa8f58b617b4801800081302a72b554bbc0c99b627aaa3c09eaf7f23c3e3eaf5955b4efaec7a0cfb14dd69252ecab23cd2a52a955f36d9d718ccece8464dad16e69cc3171c1615423db993841528f1376e15b9c0c562278cc6bd5b49d922657536d63cd69c0c1ceb272bbe2773d7e0a9705349adce1e5d85e0714d6acf494216b5b91e3b7dabd3ad46a853b16a5a108bd370788a714fd65a1a91c972406479851bdb889c719093b5f52ecd5688ad4b1bd0a61556f72c734cd40364438930b941713d404de84441fc084f524df3e645b32ac789829c648f3f8ba0d4db5a6a7a3afaa672b174d38bbadb527d6a3cf632f0871c7b48b3098b55617bfacb71e3e2950969a9cac1393c42845eaf91db1bc3965397bfe8ee2af0745bbbdd1de6786cab153c3e3e09fabad9a3db45a9453b8bda7c36fc4839586d09a088b77136c6260475ef15895d11f10336317ab1f347bca7ece3e48f078beca7e27bca7eca1f457c00978bd4361edcc40066c5f6e8fd3fb19a4cd8bed51fa4fe006fa1d946a466c3f651a500c431000c43022f63357ecb34c8cd5dda2c0a5765790ec28f650c03600b001e1bf0a9ff0048c07fed7f848f91e2a3c35e5e27d73f0a8fff00c3e03ff6bfc247caf3185a51977a33f5a8c286b56844a1db8af122cedeb32a85a843c11d88bb2fb4e5e0ad0a114bb91d4a146552cdec793ebd192577296881d06ef74cdf4a8c2296899a15383e48eb30b5cfdb4e445ba11bb5a10ab88a538eb6d4ebd4c3427169a5a9ceaf97453f563a12e3718d4b2b8d5214f89b497b882775c2a37eed0ea4b0314f64ee4e185843451d7c8e776eded18f0b426ecda4bea3a9469b4ad63461308a52e292d0df1a108ec8de385bcd72cb364a506f96c5fd5b4ae688c12d50e48ed3172db995959bb9964939a76d59d1c551bab9894545d8e794e5d31ac189cba188afd6d4934d6da9c8c7747ab4aacab51a89df747a8494a366c83a524dd9e859fe2dbbede4f09915755175d1b2bddd8efe366de0e387846d14ac6c51697ac8ae54f8d3565663daac91e6e3818a9bf57516223d5c5aee47765865057b6fbb39398c1a5269584bcb57ae1e72b49cebb6f73a991d3e3c7d3d2f6672ea3fcf3d399e83a3145cb1b76b48c6edf99dde477aea59de162b74f547b05b1e33010f48e94271d5535a9ecb91abda7c26ecc4a4db18d040555e4a14a5376f55163666cc7e6357e889d95e3317375aab6e5da936569c28ab2b39779557aca0ddece4609e2e508ca5276ee3aed22ccd71dc14baa835796f639b9745cf10bcccf5a72ab37393bb674325a7c758f3f972e1dbc7397a9c1d1e0e1ef3a4aaaa71bb32e1e9bb2df636d1c32b7afeb1e6c76eb956675ab566f822d5ca960b17395dcec9ee8ec429462bb289bb44eb239edc8597ce0f7b97470ee0b6d4db3ad4e3bb48a6589a4d69244b62cd9438935dc5b1a8d22a538c9e8f427149721b2ad53f025c572a4ecc9aef352b2971778a4ecc4d95ce7a68361ca692d4cd57151820ab2d1a3255a6e6bc4cdad48a3139b28ded13975f3a5376e1b33a33cbd4d34deace76232293bca322c8bbd30e23111c453959db439385abd4e32137ca5737e23055b0dc57bdbbce55ff003b7f13a4e9cade5edf13414e9c317452bb49bb1e972eaeab60e12bdf4d4f3193d5f48ca945bd55d33abd1f9b8c6ae1e4fb12baf235bdcdb33f1da6c8b1b645b082e447713f101323e24bcc56d40cd8cecc6dde8f794fd9c7c97c0f078becaf33de53f651f2404bc770d1730d83eab807f732e2f4951fa7f61ab632e2fb747e97d807430efd546a465c3bf551a501210c400310c08cb632d7ec3354b632d7ec302b4bd54fc004b65e43000dc03ea03c27e1624a39360397fabff091f31c77af462f9a3e95f85c76c932f6ff008bff00091f37ab1e3c3f7e866f6b1cb254fda47cc8bd18e2ed24fc495a9dbda60629c60bc0ee524a2925a58e2e52d4a941bee3b5176dcf3e13976cab4c1e9bea5919a33715ad664d48ef2b9e9a14b4d47a37a94759a5d8fadd9dcbb349ba50e2bb4adb89c29c5dd2441d4d372b956b6eccdd2cdb642497822c52bdac73615faca8a9c4e94128ad4b2efa4b34b62818292066914d4d5339f561eb34ce8cd2b196bc138b6b746329b6a5678fb89d91545df52d4738d8691070d34d89dec95f51ab5b528c9561eab38b98c7d496bc8f4134b85dce0e6b650928fd64fadcbc3c9d54d5667a0e8ed654a956973b6e79ea8dbad2f33bb83fcc6572947b52d0f4c796bd3f442839d5c462e6b795933d55ce6747f0ab0994518dad292bbface9364894ee215866901933576cb6b35fb2cd462cddbfc5788efe0627695f3aaf56f59b39d8cafd64ed1d91a3133e08b7fa4ce6deedbb96d6a24fccedf46a9f1e2355b1c267a5e8b47d69338792f0ebe37ada3049a56d8d714914525ccb9e88c42a7c49230e3b1d0a3169c920c55774a0da3c76698caf56a546afc3125b7a6e6335b74eae6309cdb954f57cc84715092bc54adde8f354a352b2e2954695f63e839161e855cae9b9534da566edb9a9e29f4be5ff001cec3e2650b352e28f3475a9575522a4994e619646349d4c3a5192d6dc99cdc0d79aa8e2ddadba6632c6e15a9ace6ddf8c94adde4efc8c94277b334a358ddb9585295b72b94ae89c92f719ebcd422f52dab109d4d7bcc38acc296192d6f27c914667987a2e16557676d3ccf291c5d6ab895889c9e8ef63325ad6e47a1ad9be2232e2ea5a8f90e9e7aaa35192b367772f5431d97d3a92a71bb5ae879de90e5d4f0b255a846c9ef6377c72cdc667939d589e36ac6ae1e4d3be8796ab4f83d6ef675e159ca85998b1b18fa342517aa7a9ac3a4f24d3bbd17abc546a41f26753015d61b3c74ded511e77a335b82bca3de8eb6613eab1787c42d1a96a6e4e2b97fe9ec5bb916ddc8539f1d28cbbd5c6df896206c4c01b01304c1bee220518b7eaaf33ded376a71fa28f018bda3e68f7f4edd547c90125ef0d8345cc003c8cb8bedd1fa5f61ab4464c676e8ebfa4fe007430fd946a465c3f651a901210c400310c08cb632e23b0cd5232e23b0c0ad5b8579002d979000002b30b01f3efc30ffd0300fbb16bff00a48f9cd1929e196bba3e9ff856c33c4f47a8462af2857e25f5459f26c1d4b5e0ccd6a28ab1e0ab25e243997e2e3f9cbf794057b1c92adf0d4efdd63b7192692b9e6f209a7858ebb3b1dd8bd37dd1e79c574ad4a5dc3e333aa96dc38eeee6f691a7ac4b714a6a4adc76287515ac54e6efa7f725c9a91a2555455af732d6c4dae96a42752dccce94aa547dc8e7965c3a638bb594d3528bab2ddec753639f97cd46845689a35baa92d4ed87fcb965cd5d71b97898fd255f4649d7d3437b674be522a4b8dbee2a755b254a6d36c96ae98aade857e17d993d0be0d3e6471beb5a56d530a6ee8e7f5bf8b7874f21b4acb51465a344d70b6d49af0f02a2a9f0a565aa679ece538c1bdb4b9e8aa2e17c5a34b5dcf2b9ee26d2b27672d1dbb849caef51e62fc559bef67a2cbe8fa5e3709848bbc5b4e5e479c4ff0038edde7b6e84613adad53193da2b86276e9c5ede11508282d12561b62b85cac04f52572280a198b386bf15e22fb703361cfcf65c393e25f74189da57cb71924ea349e88ca8b2a34ddca96e4bdb7127b687a8e8ac3d46d9e5f91ebfa2b4dac33972670f2f4ebe3faf4f4ed645b24dad0ae924922db931e92b256c3b9277d5339d5728a35b8a32564f73b8d5d15ca9abdcba5993cc4fa294e33e2a559a5cd347a2c1b860f0b1a315a455bcc25a14d493d921ed4f5da58ac4ce516a1657396a84e78a55134adbdb99adc2a4e5a2b22da58754df7b662ef26e6b18b28c6d6d0d0ae5714d5916266a4d473b44b5462ae9cbd536bbafaccb556b72d9c11c8cd32b7985154d4f852773971e8c4a095ab26afae87a85656d084e9b7aa6265a868f0d52184c2c28c1691563999bca589859a5c28dae3a5ef748a2ad3e25cadb8f6ad4937b79f9d0704edb5ae73f169fa3aee523d062e9a69f0ab44e26312785946daa7746b0bca793a59d1e6bd392bdb43b59cbe1c3a7dcce06432e1c747c8ed677553c3c60b9b3acae17b8f5796d4e3cbe8cbbe08d264cba3c197505dd046a4ee893a5bd86c40c4dd8a862b91bdee17028c63f563e68f7f4fd943e8a3e7d8cecaf347d0692fcd43c9012b73400d241e401e464c676e8fd2fb0d5e5a99719ed28fd27f003a187eca352d8cb87eca3520242188006218117b19311d966b7b19711d96057ad90096c8007e402181e5ba7893cbf0b17b3ad6ffe2cf8d66387960b319c6d64ddd791f64e9ebfff001f84fe7ff8b3e6bd24c1bab868e222aee1a3f22558e0d77c70524652e8caf0b15322bd0747a49d2945ee9dcf429d926d9e57a3d26f14e927ac9687a882bab3e5b1c2f6ebbe16dee85c6b6217b05c824e4f922a9cf7d4727a6a5327c3bf3335b826db95b99a70f4ef1d519e9438a5737538ddd9124dae556c233a51738ad3b8cd5b135ab3e18b713ab182e0b58c15a928547a591d6cb2312c64a11c450af7955728be4cea2a8a4b730bd5db912a7bf0b66270dde53c5d7abc1c143b4f4bf715e09e2e12bd6ab745ae0926d2082e37a96eed3734d5527d63b2575608e962108a4bc092566d1595a93636aeb412d50db76d7635233b5159da0eeec8f159ae2155c74dc758c133d36778c8e1b092d6cdad3ccf1f5e955a782f489dff003af47de6f19ca65630c5de573ea3d15c2ac2e4d4aead29ae267ccf0542788c553a50577296c7d6308a542853a5c2d28c5235f58f8de9dc0ad4bb8b1336c1a61731e3314e83f56db5ccb0cea1d5b9cdc525e25d54dc75ae737a42ff00fc162be8321433ec2d5959cadaeec33dab1ab90e26509269c1ec24b29f1f2a6ddb523cf425de8462b619ee3a2d4ed97a76dd9e1db3df74615b2b83472f273a75c3aaeec55912229e834afa12204fdc0da64952637499ad545124a5c88702bea5d2a76d4a9bb6e4b161592d9114f5093b6dcc8f12b99daac5abd352fa749cb72aa0b8e5e08dd14a2b4378c66a0e9452d8cb5e868da36bd8a676b6a6eb31ca95d3f20d7de5b888d9f12284efcce378ae9d93e65138f1265d35dd745724eda9958c388a4dc6eb91e7f31838c66973d4f4f574e4707348377bf346b0bc9974e5e593e0c527b1d8c6deb4e845fe949238186970d65e677f0ed62332c1d3ee699d9c6f6f6f463c14211fd98d86a5ad86f44bc083767734cacb906f50bdc4ec900db1277173d46b6d40cf8b7a25e28fa0d3f651f25f03e7b8b7eaaf347d0a97b28f920241f50c5f58019719ed28dbbd9ab7d919719ed28dbbd81d0c3f651a96c65c3f651a96c048431000c43023232627b2cd6f632623b2c0ad6c1b02d800390fcc400795e9ff00fd3f096fdfff008b3c6ce0abd074a693525667affc21d454f2ec136ed7c45bff008b3c84669ae4fc8cd58f138dc3cb078b9d26b44f4f233b3d367f81ebe92c45357943476e67990ad59655ea71d4e5c9bb1ece94ef147838c9c26a4b93b9ec72fafd6e1a134f7471ce72e93a6e767a2212925a2dc5c4ae29b4d5ec62b50a53b26db3354a8e4d2b96559ae0b3b58c4eaa84aec8dc74e8bf563cac74b0b672b9e55e74e9cdc230b9aa8e7938c6f18b35259d9eb72e9eb6328a7aea538aa6a70badd1c059fcd6ae1fd8b1679d62b3d2e74b94d69278726c7149bb32307ebeba185e2e7c4e69e8f72e58a838abab3b1c74dfa58dd26f47b5c7095b5b987d2f6e48d10ab196cd163371ad8a69a4494d37a33329b5169731d26dcae6b6ce9b62f991a951462dbe4174a3e48e5e718e586c2ca4da4eda1a8cbcf749b1fd75754a2f45b9ccc4e3e789c3d1a52da92b23357ab2ab56529eed915b1da5d395e5dfe88508d6ce63392baa69c8fa154ad524ad4e2fbae787e8bd6a18184ab54baa92f81e957482845268d62cd9baebd2eb125c4ae684ce0be9152bf264be5152695a2aefc4494acb9fe2a50c6c6316d2e1d4f353aceefd66d5fbcee62f1b87af59d4a976df89969c72c8d5e39d272f3675df0c38f3c54dbd24d78174b33c52cbea50eb24e3256699dc55f268d9fa1c5bb73326678dcbfd06a2a5848464d5934b6234f2525a89d9bd112a8d377442fa9c5b0cf79d13a9c5964537b33c1b6f63d87432b7150a94efaa7739793e3a61d57ab45d0dae529ea589e961116dc4e5a95b92445ccd6c5926926669b4ef6e44a551d8a6a4f46912d5915ce76fa8a613955aca31fac8d595f4b9665c946ac9bdce3bdd74f8ead1a4a9c11272b15bae92bdcc55730a5d6702a91bf75cefed2472d5adf2a9e25152adccfd749abdf72a9d449372692e7733ecba68494d34f5b981aeaab38bd8b68e3294dda334df80ab35d6296eec66d962eb45256d79109ed6b1272b9193bf919551512d0e4632119d577d6e8ebd4d8e7ce37c4a5bdd1ac7b4bd3c8ab42b3d754cf45d1e4b119d5369694e373cf62170e2ea2ee933d3742e1c589ad53b92476c9ca3d9b77456ddfcc93777dc41bb334c945dd59923356a8e135dcd9727757b8126f40be9a906db1a7740538a7a2f347d0e9fb287d147ceb172f5579af89f45a5eca1f450120f0dd8ddbeb17f6005af819719ed68f9b357819317ed6879bfb00e8e1fb08d4b632e1fb28d4b60242188006218117b19711d966a7b19311d96057c8015ac0017b026000785fc2bcdc324c0b4daff0055fe323e7986ccea534937748fa07e16ff00e8581ffdaff091f2f8c92fbce795b2bd1e392e3cbd250c6d1ad17193566acd33cce67868e1b19250778b7744e55dad62ecfc0cf5672ab2bc9dd9a9d39e524bc29676f22c5d93a0dedaa38ad38bd49e1ab4b0f5e3517266729b84bcbdaa9715ac824968ae5186acabd18d58bd196b7ef670ae8cf59daeb731b839cf566bad0bfd64634aeaeccba473baa846bb6d68cf4180c2617a98cb8549bdee71abd370a9a2d1974655b0d4fac8b6e0f91d31d7d769d70ece26860dc1c1c22b96879fc561de1aa5e9b6e0f6f00798ba92f5ae872c6d371b4aecdd98d6f1dcec42b3e15ad8278ba74dae29ec5352ac5c5702d0c95684abd44d2b19924ed9cae57a8e83cce96dc4ddcb68667393e0a51d5f798e860637f59db46ffb1d2cbb06a32eb1ad119b52cd4fecdf87ab59c529f33a187870abbdccb086a9f246aeb2308ddbb199bdbcf955956aaa707293b24787cff31f4bc53a709374e26dcff3b73be1e83f06d1e6ef77e67a319a70b7639ea74f23cae59a6610a3af0277935dc7356aec7d0fa2196ac1e5eb115236a9575f242fe13f5aeaf46708e82851bd39455934ce0e2b25c6e1ef1e0738df4713db295dee0da7ba3a4ba61f3b9d0c4c24d3a7256f021c7352d535a6ccfa24a9d37da845dfc0cf5f29c1e262d4e8c537cd1af61e0e55ef64c8bab76b5d8ef63ba2756326f0b3528feccb73915b26c751d6542565cd1ad9a53d6b49bbdd10ad1957a52504db6af621253836a50927e28e8e40955cce9d392ba9269932cb5091e6f5d9f207b9b739c1bc0e695a8fe8a968617b9cecd353986d9e8fa1d56d8aa90ef479b675fa3357abcd62afdad0e5e4ff00974c3b7d0d7244af645717744891036ec272d0195cddca4294ac5339593d494994d495dd96b739e55b88c63c6fbc7eb5197146ed1382515e2c9a5c5a32630db1e371152bd374e9b716f768e64327eaeaaaaeacdc9f7b3b72a693dac533777e05b3f5a996ba2a75d53a6a2db6d19b19c58a7185dc61cedccbd257d95c5351e2b10da9a34a3878a8d38f3dcd519b715c5ab456924b7d07c4ad6112d4db4f6d01bf815a92bdc1cac36c94da516ec73e126f1d2764d289b2acd462db39aaa7050af5d6f6b266f0e6b39711e6716ef8baafff00267a9e852b53af3f147919b72936f9bb9ec7a1b0b60aacafbcac76cbb63e3d1b9b5cae24e4f564d5afe039ce2a3a1b615492b3bee84a4ed61b69bbb44a2e29eb60229f789bb16da0ef64555124ec05189d787cd7c4fa4d3f651f247cd6bbd237dee8fa552f650f25f022a41aec86df24200fec64c67b6a0bc65f61afc119319f38a1feefb00e8e1fb28d51d8cb87eca35476024218800621811919713d966a665c4765815200e40000000782fc2e7fd0b03ffb7fe123e5b0715da3ea1f85e76c8703ff00b7fe123e51c6da3194dd75c33d44aa3bcb4d8af89ad50eec0ac939393bcb7645a24ec26823a59463dd09f53525ea49e9e07a18be3b35cf6b33c5decefcceee5399a970d1aaed25b3673cb16e5763ab72e5b02838ee68a6d34b62c7494d799c755bdb154a2aa474b19ea49c60e9b5a1bbaa953973b314e8c67dda971e2bae39e9c474a1c4ee89470f45bd4d55f0928bf57566774aa45ad196d7a2652a4a8d28a7b12568a870dae9bb778a9e1ea4da5637e1b036f5a56d86f65ce45587c23aaefc8e9428a8689e84e2a308da292434ff00b87973f25c836a10d4f3b9de7128df0f465beed1a73bcd3d1e9ba507ebbfec7949ce5393949ddb3a638fd70b766df13bc9ddf79125071da5b2d558b70984ad8cad1a5460e4dbe5c8ddba491b322cba58fcc2116bd48bbc9f81f4ca6a34a9a8456915a238f926550cb6846364ea3ed33ad29595c6339dd4cafc5d1634fc4aa0c9711b653948945e97297244d3ba40589dc1d9e8d2656e4493b81556cbf0b5e36a9462efe062c3f47b0d85c74313424e2e3fa2752fa027a81e43a7597e94f1b08e8b491e3391f58cdb071c7e5d568495dca2ede67ca6ad2951ad3a7256716d345bd6cc7f11e46acb2bf519852a9dd246508cb827192e4ce794dcd3a63755f55a5252a7192e68b2fe273725c52c4e5d4a77bd9599bdbf03963d3594d5129722b94931b772b96f642d214a5a6e677357767cc7564e28e662b1be8eae93673b76dc9b7554b64997d26ac798a7d20bc9c5d369f897fe36acf58e89965b1a9e3b5e86b3870fad248e6cf1349c9a52391531956a3bca77f0b94f5adecc5bb74c7c2edaa97d62d10a95e0bf4b5392b12d2ed681d7ab5ee17f89d68574d269a22ead8e43c5a86cf529a98dad37c34f4bf31a66f8f4eeaac99629269bb9c8c2caadd71bbdce926946fb99fae794d28c6d6e183f1306635950ca553fd2994e6f8ce05c31dd9cac5e3678aa74e12fd1563be134e59a8dd5cf75d15a4e9651193fd3773c35084aad58528abb93491f4ac150586c0d2a2ad78c526749db1788d0e577a116fbc70d1e8c537fd8db08b7662937b916ddc3702509b4c939272bb2b724b61715c08e25a6e36ef5f13e954fd943e8a3e635db6e3e6be27d3a97b287d1442257e417e43f04014b7f031e33e71417d2fb0dbe062c63ff005143fddf601d2c3f651aa3b1930fd946b5b01210c400310c08c8cb88ecb3548cb88ecb02a0d477d040001a86a07cff00f0c3ff0040c0dbf8bff091f254cfacfe187fe8181ffdbff091f25466b512b8ee40604ae2105c0438c9c249a76684015e9b26cde3552a15aca7b26f667754ada687cfa3394249c5d9ad99e972acdd55a6a156569ad1789cb28d4aeebb4b72aa94fd5bc58a35528dd3d87c69fd661a9b6777bb4c8d9db55e25b292bf72b09b8bd3432e929d38dad6e668bdd5bb8a629b7a5ec5a9db52ed9a92d6c61cd332860683fdb7b225986634b0945c9b5c5ca2791c6632a632b3a937e48eb863f6b95cbe4575ebcf1155d49bbb6cac0d182c254c662234a9c5bbbd7c0dda917e5994d6cc2b251568df567bacbf2bc3e5b494694171db593dc59665f0c061a3149715b566a94f8a5644937cd2df917537adc9ca6551d112bddf89b616a765a8b8f5b1172f56c423abbd8a2ed6faa269f22952d46a441352d7724a4ca75b934ee80b94ac38bef2bbd8945ea05ab53c1f4c72b586c62c5d356855dedde7bab98f35c04331c054a125ab5a3ee66a7e27faf95b56135a1a715879e16b4a8d44d4e0ecee666cc59a6de9fa258fb4a58693f147ade23e6382c54b078a85683ecb3e8180c6d3c6e1a15632bdd6a71bfd6baf736d6d909f7dc6e45737742a4555ddd339f3a4aa49df91b6aead95c6293bb3956e5727179745b538455f9943a6d4781e8cef3827cb428a9858cd3d2cf91a8eb8f935c385d4cafda63f45a9ca5a9b6ae1a7193289f1417778877994acfe87579cbfb92785d3d698f8df7b2718ca76567a977154f5515a2d4d342824dc9add732ea184d6f34689c2314927a0db8679a8a70e195cb2b5754e8b6f4d3522e695dbe471b36c7e9d4c25e64c71dd70b5831d89788aedf25b19b98895384aa4d422aedbb23d0e5dbbbd16c07a4e3baf92f5296bf59ed64d230e4d808e5f80853b25392bc9f89b67a1a8ce4233b360e44762127c9fd46993e2d7cc8b95afaea45b17169a80efba24a764f62a73b3f04272565e24056926e16ef5f13ea34bd943e8a3e5355da50f35f13ead4bd942fdcbe004afc98c3c2c1f50517e5631635ffa9c3af097d86d31637e7586eeb4ff00c40e8e1bb28d71d8c987eca35c409086200188604599711d966a7b19711d9605401c908077010c0f9f7e183fe8181ffdbff091f27491f76e9a74625d29caa96169e21519d1abd6c5b574fd56adfdcf0ebf04999ff1b4bdc4ab2bc0d90591efbf249997f1b4bdc35f824ccbf8da5ee26976f01c20e27bf7f825ccbf8da5ee0fc92e65fc6d2f70d1b7cfdf808fa03fc12665fc6d2f707e48f32fe3697b868dbe7e4a33941a716d34cf7bf923ccbf8da5ee0fc91e65fc6d2f70d1b796c1e795295a357d68f79d5866b46b24d4d2f03abf922ccbf8da5ee05f824ccd6d8ea4bea337095a9969ccf488c9d94d5bcc9c6b423fa69fd67497e0a3365a2cc298ff002519b7ff00e42999fe35fe473659950a517c75177dae73b17d22d1c70f1facf40ff04b99bdf1f49fd42fc91e65fc6d2f71a9848cdcb6f0b5f115311373a92726547bff00c91e65fc6d2f70ff00247997f1b4bdc6b5536f054a9caad48c209b6dd91ee722ca2180a0a738aeb65bf81d4cb3f0658bc055eb6788a5392db4d8edfc93cc3f7d4cceadbcadbc38d3959682a5aeacebcba23983fd7d31c7a258f5faea66d873509bd743aaba2b9827755e9e83f92b987efa981ca77d2dadc6b4dceafc98cc2d6ebe9d9ee27d16cc1bbbaf4c0e537663fee74fe4ae3dbf6d4c92e8b63d2f6b4c0e6a76db9124f43a1f2631ff00bda635d19cc17eba981cfbebb8d3f5ad737fc99c7dfdb531fc9ac7dd3eb69e8063bea49bd0d8ba3b8f7fada637d1dc7fef6994788e96648eb47d36846f28af592e68f14d6e9ad4fb5be8e63a49a954a6d3dd1e7b31fc186231559d6c3d7a749b776b916f309c3e672474f25cda780aca326fab6f547ab7f827ccdffded2f711fc92665fc6d2f71cf2c771d265a6ba18a8622929c249a7dc4a72d49e5df83cce700da8e3a94a0f78b3a9f23f317bd7a6ce5eb974b6c711abea2f0b1ddf91f9872af4c8fc8dcc7f7f4ee4f4a7b4705e97237ef3d07c8dcc1ef5e9917d0bc7fefe993f8f25f68f3d34dad8cb52929b774ad73d5ae856616f9c5322fa11983fd7d32fa64b3391e43a882e45b4e9d9ab2b1ea3e43660ffee2982e8363ff007f4b425c325be4dbcea76d1ad8aaa5eeee7a77d06cc1ff00dc53213e81e632ff00b9a66bd3267da3c46638d5429b4bb4d6879e9cdce4e52776cfa1e27f0599ae26a39cb1d4bc158a7f249997f1b4bdc75c71d462e5b7803d074672d55eb7a5545eac1e9e67a0fc91e64b7c6d2f71ddc174131d83c2c68c2bd3d377de5b2a6dcf752dcc6aa5d6e759f43b307fafa61f23b31dbafa45e5971dd551d59075d49db99d997433307be229905d09cc53bfa4531c8e3f1adee45cb43b6fa1598ff114c4fa11993ffb9a6394d3889a6ddd9173477be44e637bfa4532153a09984e2d7a4c17901e7aad48a942f25da5f13eb949fe6a1f457c0f9d52fc1ae3678da53c463d75519a9494777677b1f468a518a8ad92b0e578318b51f81408c38e7feaf0cadca6ff00fa9b8c18e7febb0abff0a9f1881d3c37651ae264c3f651ae3b01210c400310c08b32e23b2cd4ccb88ecb02abe88570e42018086017e56010c00003c400002e00dd95d8a32bf2b0c0002e0003010201ee1717d60030d85b000c2e2000dc003cc0077168003e42dc2e000017100c041e603b80af70018ae1e61700b85c574300015c2e03b85c5b86c03b85c57001dc3c45a08090ae02f201ec323b80120b910b80f41885a8120105d80c2e2bdb50bb01dc0570bb0180af604df301826d37e7a797ff00db85fb813b788037cc77f015c2e0300000d7986e000073f1dff51c27d0abf181bcc58c5feb30cdeea33f8c40e9e1bb28d71d8c986eca35c760242188006218117b19711d966a666afd86067e483987241700dc2ec2e2603dc2c447701ee17b79082f701dc05b078b0180ae003015ec003d47723b0c062bd82f60b80c417b05c002e2bd800617ba0bebb8000785c5704030137a800c57d42f70018b715f90301ec17b8ae1701bf10b9106c090b716e0c060842024fc01315c57024c10840482f715c002e17015c06c3716e1e403b8f90ae2b80fc462bdc5b00ee3bdb515c2e03bb61715c36d407aee17ee12770d407763bf2446e1aa01ad07e446e301ec322003d5318af70bd80770bdc5718018b1affd561d784bfc4da61c6dfd330df467f1881d3c37651b23b18f0dd946c8ec048431000c43022ccd5fb2cd2ccd5fb0c0ce9e8bc844924e2bc81240477159f2276b0c0859870be44d6a004385828b263b5f602be163e164ed61ee057c0d87032cb5876b81538788703dcb6c2b015f0b0e0659b0f5dc0ab85ae41c2cb76002a5163e1659b30b015f078870722c616b815f058380b2c16b815f0788b81f796eda582c057d5b17032db0580ab81f787078960ed602be00e0260d010e00e05dc4c2c04381070227e616b010e00e0260043805c0583d80abab0eacb3cc3402beac5d5968fc00ababf11757e25cadb078580abaa1f5659e0c3c80afab1f5659b8015f5683aa5c8b03502bea907548b03c40abaa0eabc4b7ea0d5815755e21d516d82cd0157543eafc0b3ea1010ead075689ebdc0043812e41c0bb898ad6021c083809b16a047805c24c36021c0c5c127fa4597002be06bf4998b18ad8cc3eb7bc67f189d030e37e7786f29fc6207470dd946c8ec64c3f651ae3b01210c400310c08b3357ecb34b33d7ecb0285d95e421aeca1301887af20bf7006ac106b7d07b8002d010c03700db51ee01bea0f40f886e01e41b06c09df6000bd8361f90081d906cc375700dc036e61e401c8002c016061e43fac0560d105c3eb00b210f9f807d6002fa87a7307de0161798ef7f200062f31f985c0416ef01b00d8010000730f30bdb400d0001806c082fc82fa80021dfbc5701ee083707700e61b890ee01a805c2e000017000fa82e001600b86bde02b5b6185c56000fa800056ee000b77005bb84c62d802c01b858056018800c38ef9de1be8cfe31371871df3bc37d19fc6207470dd946c8ec63c37651b23b01210c400310c08b33d7ecb343d8cf5fb2c0a176579098d76579080350b7700f700dc76e62483701ee1b07886e03bdc3442d87b80f7d500b60018836000f20d8434034c57ee10f7d8002fae82f20024bc057b721026030bf70afe03d3701fc02e2b820180afee1805b985c5a8f400d80576860002d86c00361000c2e25a0d806c01b6e0001e600c01d80106e01718968176c002ec2fde0f500bb60170f3000b88007adc2e17100ee170b8806170b880770bf20b88062bb00000d418006bc837100058370dc3c80567b80f71001831df3bc3794fe3137b30639ff00abc369ca7f1881d2c37651b23b18f0dd946c8ec048431000c43022ccf5fb2cd0ccf5fb2c0ce9faabc82d608f6579000c02c0017b8c2c1b806e1b6a160dc0370db50d83701ee2d8000340621ab7780003fee0001b0790b701ab3d985fb83c8340056617ee169c86ac01a5805cc601a05fc3400d00617d76d08dc6bbd80f4015f98ee807a6e2b8aec601a05f512ef63d3900fc85705de001e41aa0417e4800130001e82b805b4000bf2040c07a7215c00002fde00001700d0002e2d437dc061712d00062d42e1bee003b8afc800062f0000b03f300b0058018006c0ecc37dc2c002dc2c0016000011831df3dc37d19fc626f3063b5c6e19ffe33f8c40e9e1bb28d9131e1bb28d8b60242188006218117b19ebf659a1ec67afd97e40678f65582c11ecaf21802ee0b7f6185d3005a8006e01b807986e01b85bbc2c0802dcc36e40200f143d10ae97985b9a00dc39869c87b80b7060db7b027a7880c41e434020dc2e3dc00370d4005b80f5e400017e61761700b85dee1aee001cc2ec5aee3bf8005ec00300b8b5401701f900903f0018b60d8003c000001820bf20006310007c00056f101d83600b0000080601e6c4030b8080602d42c030178000c3eb15f90c0120d5b00000b80803500fd26eef5e5dc00000002661c6fcef0fe53f8c4dc62c6aff53877e12fb00e961bb28d6b63261bb28d6b60242188006218117b19ebf659a1ec66afd960510ecaf225e0287617905d00c3cc037dc02e001b806e01e61b802770b83d0347a807c45b07c47a006fb082e96da800c5e40f7d0601b807906e803462f20771af100f30bdc000370e61b80078d857fa87b86e01a6e1e22180682d86001f506b710c03715b504860000813007e0000c002c1b0bc80601b0b501d83cc56f11dae002d062b006e1aa0417000d477b0007985c57180087b0580401b00007d60fb80007717805807e62b80c000430000b8000af7d060c05b6e00000cc38df9ce1fca5f61b99871df39c3f94bec03a586eca35ad8c986eca35a0242188006218117b19abf65f91a5ec66afd960531ec2d790c51ecaf218078000005ee1b0079806e17000013186e0002180b40bb093e157dc0062bf70ef7d8003713bf20f21805c370f200010f7000d18002010c185fc002fde2dc77000100ee002f88300185804efb00c5e41663b800b6d82ddcc6c0560b05d68003179006e001e40001b8f615ec0016185c401b8f60f1100c5700f200188002c17b68170000ba00b005802e001a0ee218005fbc5b8f600b05800002e82c160010c00461c77ceb0fe52ff1371871abfd5e1fca7f1881d2c32f551b23b1930cbd546b40310c400310c08bd8cf5d7aacd2caaa42e9818e0d38ab0ca2b29e1aaf1a5c507da5f696c6719454a2ee9812d062bae6c5c696ec09011e38f36bde2eb20b792f781315fc08f5b4d7e9af78bafa5ce71f781626b983f0455d7d2fde47de1e914767523ef02db89953c4d2e5523ef0f4aa2b47523ef02dd398157a4d17a7591f78bd2a82d1d58fbc0bc5adca9e2a872ab1f78bd2e873ab1f781703d4a7d2e83fd6c3de1e9987e7563ef02e57b0147a650fdf47de1e9b86e75a2beb02f028f4dc3fefa1ef17a761bf7d1f781a44ccef1d86fdf43de1e9f86d9d68fbc0d17ef1997d3f0bcebc3de3fc61855fae8fbc0d3a08cde9f85fdfc3de1f8c70abf5d1f781aae232fe31c26fd7c3de1f8cf09fbe8fbc0d41a993f19e0ff7f1f787e35c1fefe3ef0360beb31fe35c12ff00b88fbc3f1be0bf7f1f781b00c7f8db03fc4444f36c17f111f781bb41187f1be07f7f10fc7182e75e280ddb86c61fc7181fdfc44f39c0f3af1037ee1b183f1de017ebe22fc7980dbaf4074370d8e77e3cc02fd72f70bf1ee039d65ee03a42bea739e7b805b565ee2b9e7981ba92acaf7b3d3901d60b9ccfc7d80fdeff00617e3fc07ef7fb01d4b06c72fe50607955fec1f28301ceaff603a81b1ca7d21c02daaff60f94397dbdaff603aa17394fa47805b5417ca2cbf9d5fec07582f6393f29301fbc17ca4cbff78c0ebdc2e723e52e0169c61f29701fb6075c2e71fe53607f781f29b03fb60762c071be52e0afed03e52e0bf6c0eca1dce2fca5c1fed87ca5c1fed01dabf25b81c65d24c27ed125d22c2bfd34075f50b5ce5acfb0aff4d162ceb0aff591f781d1b585a18e39be11ef563ef2d8e3b0b3ecd58dfcc0b8c3899c2a6329c22ef2a69dfc2f6fb8ab1f9c52a49d1c34955aef44a3aa8f8bfb832ac1cfda546e5393bb6f981dac3ab451a515d38d91600c431000c430013430028ab494e2d3472ab50ab85939525c517bc7ee3b6d5c84a9c65ba03c962f38ea5b4e8d65e497de732a748eaa95a14ab4978c52fb4f713c061ea3f5a945fd457f8af08bf510f701e0a7d21c6becd09fd68a259e662f6a12f7b3e8bf8b70bfb887b87f8bb0dfb987b80f9acb37cd25b5197bdfdc572cc73597eaa7ef67d3bd030ebf530f70fd070ffba8fb80f96bc5e6cf6a73fee45d7cddfeaa7ee67d57d0a87eea3ee0f43a3fba8fb80f9575b9c7eea5ee6275739fddcbdccfabfa251fddc7dc1e8947f751f701f27eb3397fab97b9829e737f672f733eb1e8947f771f707a252fddc7dc07c9f8b38e74e7ee62be73fb13f733eb3e8947f771f707a252fddc7dc07c9bff00ccfec4fdcc2d9cfec4fdccfacfa2d1fddc7dc3f45a5fbb8fb80f92f0673fb353dcc3abce5fe8d4f733eb5e8b4bf623ee17a2d2fd88fb80f937559d3fd1a9ee17539d7ecd4f71f5bf45a5fb11f707a353fd88fb80f92fa3e75ca353dc1e8f9d7ecd4f71f5bf46a7fb11f70bd1a9fec47dc07c9bd173a7fa353dc1e899d3fd1a9ee3eb3e8d4ff617b87e8f4ff617b80f92fa1e777ecd4f70d6073b7fa353dc7d67d1e9fec2f707510fd85ee03e4de819d3fd1a9ee0fc5f9ddfb353dc7d67a887ecaf70fa887ecaf701f26fc599dbfd0a9ee0fc559d3fd0a9ee3eb3d443f657b83a98f72f701f27fc519dbfd5d4f707e26cedfeaea7b8facf531ee5ee17551ee407ca3f12e76ff5753dc0b24ceafad3a9ee3eb1d547bbfb0754bb901f28fc499d5fd9d40fc479dbfd5ccfabf54bb97b83aa5dc80f94fe21cedfeae61f27b3b7fa150fab756bb83ab5dc07ca974733a7fa13f78fe4d673fb13f79f54ead7720ead7701f2bf9319cbfd197bc6ba319c35ac67ef3ea9d5a0ead01f2bf92f9cfeccbde1f25f397ca5ef3ea9d5a0ead01f2cf92d9cf74bde3f9299c3e52f79f52ead770756bb80f96fc93ce3ba5ef0f9259c6d697bcfa975683817701f2df9239c774bfa83e4866fdd2fea3ea7c0bb83817701f2df9219bf74bfa87f23f37ee7fd47d47810702ee03e5cba1d9b773fea1fc8dcd7c7fa8fa87020e0407cbfe4666dff00f6435d0bcd7bff00f91f4fead070203e61f22f347fff00d12f9159a787f51f4dead075680f997c8acd3bd7f50d742b337cff00f91f4ce041c080f99fc89ccff697f50fe45669fb4bfa8fa5f020e0407cd7e45e69fb5ffc83e4666bfb5ffc8fa5f02170203e6df23b365fa7ff00c83e4866cbf49ff51f49e041c080f9c2e8966e9f69ff0051a70fd18cce135c4dff0051eff81070203ce65d907a36b28eaf56cef50a0a9a4922e5124900256180000862001886000000021800ac161800ac161800b850ac48008d82c48008d82c48008d8761800ac2b12001582c3001582c3001582c3001582c3001582c3001582c300170a0b0c00560b0c00560b0c00560b0c00560b0c00560b0c00560b0c00560b0c00560b0c00560b0c00560b0c00560b0c00560b0c00560b0c00560b0000582c00016000000000000180806002018008600000000021880ffd9, '2025-05-24 12:22:23', 'eyJhbGciOiJIUzI1NiIsInR5cCI6IkpXVCJ9.eyJ1c2VySWQiOjMsIm5hbWUiOiJuYXVmYWwgcmFmaWQiLCJlbWFpbCI6Im5hdWZhbEBnbWFpbC5jb20iLCJnZW5kZXIiOiJtYWxlIiwiaWF0IjoxNzQ4MTkyMzQ3LCJleHAiOjE3NDgyNzg3NDd9.jUcO9ULy8QW8pXtbk0PAii6tf_zNGfc7KqW-8OtKwh4');

--
-- Indexes for dumped tables
--

--
-- Indeks untuk tabel `categories`
--
ALTER TABLE `categories`
  ADD PRIMARY KEY (`id`),
  ADD UNIQUE KEY `name` (`name`),
  ADD UNIQUE KEY `name_2` (`name`),
  ADD UNIQUE KEY `name_3` (`name`),
  ADD UNIQUE KEY `name_4` (`name`);

--
-- Indeks untuk tabel `plans`
--
ALTER TABLE `plans`
  ADD PRIMARY KEY (`id`),
  ADD KEY `userId` (`userId`),
  ADD KEY `categoryId` (`categoryId`);

--
-- Indeks untuk tabel `transactions`
--
ALTER TABLE `transactions`
  ADD PRIMARY KEY (`id`),
  ADD KEY `categoryId` (`categoryId`),
  ADD KEY `userId` (`userId`);

--
-- Indeks untuk tabel `users`
--
ALTER TABLE `users`
  ADD PRIMARY KEY (`id`),
  ADD UNIQUE KEY `email` (`email`),
  ADD UNIQUE KEY `email_2` (`email`),
  ADD UNIQUE KEY `email_3` (`email`),
  ADD UNIQUE KEY `email_4` (`email`),
  ADD UNIQUE KEY `email_5` (`email`),
  ADD UNIQUE KEY `email_6` (`email`),
  ADD UNIQUE KEY `email_7` (`email`),
  ADD UNIQUE KEY `email_8` (`email`),
  ADD UNIQUE KEY `email_9` (`email`),
  ADD UNIQUE KEY `email_10` (`email`),
  ADD UNIQUE KEY `email_11` (`email`),
  ADD UNIQUE KEY `email_12` (`email`),
  ADD UNIQUE KEY `email_13` (`email`),
  ADD UNIQUE KEY `email_14` (`email`),
  ADD UNIQUE KEY `email_15` (`email`),
  ADD UNIQUE KEY `email_16` (`email`),
  ADD UNIQUE KEY `email_17` (`email`),
  ADD UNIQUE KEY `email_18` (`email`),
  ADD UNIQUE KEY `email_19` (`email`),
  ADD UNIQUE KEY `email_20` (`email`),
  ADD UNIQUE KEY `email_21` (`email`),
  ADD UNIQUE KEY `email_22` (`email`),
  ADD UNIQUE KEY `email_23` (`email`),
  ADD UNIQUE KEY `email_24` (`email`),
  ADD UNIQUE KEY `email_25` (`email`),
  ADD UNIQUE KEY `email_26` (`email`),
  ADD UNIQUE KEY `email_27` (`email`),
  ADD UNIQUE KEY `email_28` (`email`),
  ADD UNIQUE KEY `email_29` (`email`),
  ADD UNIQUE KEY `email_30` (`email`),
  ADD UNIQUE KEY `email_31` (`email`),
  ADD UNIQUE KEY `email_32` (`email`),
  ADD UNIQUE KEY `email_33` (`email`),
  ADD UNIQUE KEY `email_34` (`email`),
  ADD UNIQUE KEY `email_35` (`email`),
  ADD UNIQUE KEY `email_36` (`email`),
  ADD UNIQUE KEY `email_37` (`email`),
  ADD UNIQUE KEY `email_38` (`email`),
  ADD UNIQUE KEY `email_39` (`email`),
  ADD UNIQUE KEY `email_40` (`email`),
  ADD UNIQUE KEY `email_41` (`email`),
  ADD UNIQUE KEY `email_42` (`email`),
  ADD UNIQUE KEY `email_43` (`email`),
  ADD UNIQUE KEY `email_44` (`email`),
  ADD UNIQUE KEY `email_45` (`email`),
  ADD UNIQUE KEY `email_46` (`email`),
  ADD UNIQUE KEY `email_47` (`email`),
  ADD UNIQUE KEY `email_48` (`email`),
  ADD UNIQUE KEY `email_49` (`email`),
  ADD UNIQUE KEY `email_50` (`email`),
  ADD UNIQUE KEY `email_51` (`email`),
  ADD UNIQUE KEY `email_52` (`email`);

--
-- AUTO_INCREMENT untuk tabel yang dibuang
--

--
-- AUTO_INCREMENT untuk tabel `categories`
--
ALTER TABLE `categories`
  MODIFY `id` int(11) NOT NULL AUTO_INCREMENT, AUTO_INCREMENT=16;

--
-- AUTO_INCREMENT untuk tabel `plans`
--
ALTER TABLE `plans`
  MODIFY `id` int(11) NOT NULL AUTO_INCREMENT, AUTO_INCREMENT=6;

--
-- AUTO_INCREMENT untuk tabel `transactions`
--
ALTER TABLE `transactions`
  MODIFY `id` int(11) NOT NULL AUTO_INCREMENT, AUTO_INCREMENT=12;

--
-- AUTO_INCREMENT untuk tabel `users`
--
ALTER TABLE `users`
  MODIFY `id` int(11) NOT NULL AUTO_INCREMENT, AUTO_INCREMENT=5;

--
-- Ketidakleluasaan untuk tabel pelimpahan (Dumped Tables)
--

--
-- Ketidakleluasaan untuk tabel `plans`
--
ALTER TABLE `plans`
  ADD CONSTRAINT `plans_ibfk_73` FOREIGN KEY (`userId`) REFERENCES `users` (`id`) ON DELETE NO ACTION ON UPDATE CASCADE,
  ADD CONSTRAINT `plans_ibfk_74` FOREIGN KEY (`categoryId`) REFERENCES `categories` (`id`) ON DELETE NO ACTION ON UPDATE CASCADE;

--
-- Ketidakleluasaan untuk tabel `transactions`
--
ALTER TABLE `transactions`
  ADD CONSTRAINT `transactions_ibfk_101` FOREIGN KEY (`categoryId`) REFERENCES `categories` (`id`) ON DELETE NO ACTION ON UPDATE CASCADE,
  ADD CONSTRAINT `transactions_ibfk_102` FOREIGN KEY (`userId`) REFERENCES `users` (`id`) ON DELETE NO ACTION ON UPDATE CASCADE;
COMMIT;

/*!40101 SET CHARACTER_SET_CLIENT=@OLD_CHARACTER_SET_CLIENT */;
/*!40101 SET CHARACTER_SET_RESULTS=@OLD_CHARACTER_SET_RESULTS */;
/*!40101 SET COLLATION_CONNECTION=@OLD_COLLATION_CONNECTION */;
